State,Season,Soil Type,Rainfall (mm),Temperature (°C),Market Price (₹/kg),Demand Factor,Recommended Crop
Karnataka,Kharif,Alluvial,860.3237924170028,14.670333389614504,67.48195067114281,3,Sugarcane
Tamil Nadu,Summer,Alluvial,382.831836375408,23.99222335946602,19.839125644719896,9,Cotton
Tamil Nadu,Rabi,Sandy,377.92251118273145,28.825699332694036,46.73354656197268,3,Cotton
Madhya Pradesh,Summer,Alluvial,633.6422342539652,32.280433032675845,80.70045942487769,7,Barley
Karnataka,Kharif,Alluvial,1570.336412738487,15.581168397803916,82.37895696671801,4,Sugarcane
Madhya Pradesh,Summer,Red,1931.8360857850826,16.16701549206794,69.56345485370252,4,Rice
Gujarat,Rabi,Black,1467.5422947254744,38.85275982138196,10.898751341952122,7,Rice
Maharashtra,Rabi,Sandy,1428.8604757407702,36.29103856348539,65.98309422993297,2,Sugarcane
West Bengal,Summer,Loamy,1589.1179840864493,34.16105986417375,67.7177889110234,9,Millets
Madhya Pradesh,Summer,Alluvial,1068.8107146769212,18.469605383432913,48.309270235118255,5,Maize
West Bengal,Kharif,Loamy,1494.5770797513583,38.20829468856397,90.68250401808763,3,Barley
Gujarat,Summer,Red,995.2473469587886,31.602107876682968,56.67222910033209,8,Wheat
Gujarat,Rabi,Red,879.5860237881466,27.16198182163933,68.20830708578531,4,Rice
Tamil Nadu,Kharif,Sandy,1291.2631595163944,16.529530147789906,24.974952227339976,7,Sugarcane
Gujarat,Kharif,Alluvial,1676.2694097040257,28.98094519292718,12.937954944755248,8,Cotton
Maharashtra,Rabi,Black,666.8905378528952,10.9859951082401,57.319832350472524,6,Maize
Gujarat,Summer,Loamy,951.6351648575567,12.646658089792135,85.75745018159019,1,Maize
Punjab,Kharif,Red,1539.9169829138557,21.714813728319896,20.310040109102395,6,Barley
Gujarat,Kharif,Red,937.6666674794138,30.860799034366025,81.82513360097592,4,Sugarcane
Uttar Pradesh,Kharif,Loamy,1324.7675594490738,22.262848074485845,61.13873188848642,6,Wheat
Maharashtra,Kharif,Red,1893.7944320002641,11.530898187179007,27.212341135654714,5,Rice
Gujarat,Rabi,Alluvial,693.1428826017861,10.220927345698245,47.9147270191525,9,Sugarcane
Gujarat,Summer,Loamy,753.7769754979538,10.268342601982157,56.38547735603627,7,Sugarcane
Madhya Pradesh,Summer,Alluvial,469.34485989112915,14.9319066723845,49.29189770847412,9,Millets
Tamil Nadu,Kharif,Loamy,1632.8350395568227,23.76955344016441,41.08508919319756,2,Sugarcane
Karnataka,Rabi,Black,1406.8681053829491,39.62945829803226,79.80033978126504,1,Rice
Karnataka,Rabi,Alluvial,1654.6323067111136,11.423887594121528,86.09719171360861,2,Millets
Tamil Nadu,Rabi,Sandy,1812.7729020029524,26.971252449149823,80.27475697772965,8,Barley
Tamil Nadu,Summer,Red,969.0025289739298,34.38416239940591,12.352854152388229,9,Barley
Karnataka,Rabi,Loamy,1856.832187932055,19.174681941244337,98.62773294621496,4,Rice
Madhya Pradesh,Summer,Sandy,1589.0197618562352,17.47780592838958,66.36488819762901,9,Sugarcane
Punjab,Rabi,Sandy,621.5008464385091,31.539686377823884,78.28787929225547,6,Millets
Gujarat,Summer,Loamy,1211.770662535103,32.351955817874455,29.826481424749403,2,Millets
Karnataka,Kharif,Red,1641.4529713037944,33.363114473706,31.45435074561977,5,Barley
Tamil Nadu,Rabi,Alluvial,989.2107836680623,25.050830574722756,44.409943842292925,5,Pulses
Maharashtra,Summer,Sandy,954.0884416591266,37.398291255307754,55.90527819682377,2,Sugarcane
Punjab,Summer,Loamy,1008.0417417694538,20.676495224257675,22.882651380956023,1,Wheat
Tamil Nadu,Rabi,Alluvial,1546.37086642142,24.48543923039273,31.876798450352915,1,Cotton
Karnataka,Rabi,Red,1538.6056008560795,21.96312140829152,39.27590315703575,8,Wheat
Gujarat,Kharif,Black,304.5815186525032,39.72596515573943,45.94612580591374,3,Barley
Maharashtra,Kharif,Alluvial,982.8944227282523,33.63479776615641,36.05624285449798,2,Cotton
Punjab,Kharif,Black,605.3665576508807,16.710032582744486,11.533976693041215,3,Barley
Madhya Pradesh,Rabi,Black,860.8143124779283,28.275724852841236,48.47568148451379,10,Sugarcane
Madhya Pradesh,Kharif,Red,756.8862222603614,20.65109080477753,34.78445567706992,8,Wheat
West Bengal,Kharif,Sandy,1925.405713962112,22.50923194084232,42.478106629870936,2,Millets
Madhya Pradesh,Rabi,Sandy,1460.2902530238823,24.512063446202582,69.47001479326258,5,Pulses
Gujarat,Summer,Alluvial,321.00605146401415,31.99952363412126,93.22584238073806,5,Pulses
Tamil Nadu,Summer,Black,1380.9527705388716,32.3415423357544,70.49689013576737,4,Pulses
Gujarat,Kharif,Alluvial,1418.1444266409112,25.786529943063172,49.97739427610075,6,Millets
Maharashtra,Summer,Alluvial,1903.230537864528,37.3709051536653,66.14801758814363,5,Pulses
Punjab,Summer,Sandy,1674.1948700278351,17.72040182777191,45.856848360464326,2,Cotton
Maharashtra,Kharif,Sandy,851.5298496943592,29.538653084611322,42.340535988427966,8,Wheat
Tamil Nadu,Kharif,Alluvial,421.4888568409717,26.80467492129415,60.31903819749601,4,Maize
Uttar Pradesh,Kharif,Alluvial,1706.678638027258,25.10909836609244,62.74893936542371,6,Barley
Uttar Pradesh,Summer,Black,733.5346497781297,25.847691696881142,58.9680645457415,8,Millets
Punjab,Summer,Alluvial,858.5055441735279,12.577546464890228,84.12396574197034,3,Maize
West Bengal,Summer,Alluvial,481.9748805950654,33.005179111111666,70.15203875014612,6,Maize
Gujarat,Summer,Black,586.4107048008957,33.1136792298437,54.957066109984744,1,Wheat
Gujarat,Kharif,Black,1135.9246449451316,13.872097104608923,58.676497315084475,9,Barley
Maharashtra,Kharif,Red,1120.6285163216673,12.211317941339562,96.67838542308299,8,Cotton
Madhya Pradesh,Summer,Sandy,1039.8940994081072,20.07515501158681,43.60962444203424,6,Millets
Gujarat,Summer,Sandy,1569.9208743928698,28.897704624246398,33.036169046557205,2,Millets
Tamil Nadu,Kharif,Loamy,420.77986361033373,33.10053517324936,10.36849272224223,10,Wheat
Gujarat,Summer,Loamy,1295.3531473621233,24.776571475808314,28.91170256921709,4,Cotton
Uttar Pradesh,Kharif,Sandy,1314.8645155469198,31.334409969589643,54.8241491841068,10,Rice
Uttar Pradesh,Rabi,Alluvial,562.0622676649282,34.12075872413417,33.161202325258216,1,Millets
West Bengal,Kharif,Sandy,1569.9481304058427,17.965110984513018,19.267550944771244,2,Rice
Madhya Pradesh,Kharif,Sandy,1459.7045322626582,38.80349884985914,46.7860454977047,3,Cotton
Madhya Pradesh,Rabi,Sandy,1063.4708829844135,16.32283563760459,12.696181995843292,1,Millets
Punjab,Kharif,Loamy,746.1851913337937,20.7397540360629,77.11832021383043,4,Cotton
Punjab,Kharif,Alluvial,1917.5245942475144,13.392920976529936,55.68691540979992,7,Barley
Punjab,Kharif,Black,712.242095706876,36.25091774612346,14.951463487119266,2,Maize
West Bengal,Rabi,Sandy,833.999164125697,13.605108271374778,60.991769029388756,7,Millets
Punjab,Kharif,Sandy,999.0876458663112,34.361582186205055,96.62377408990335,9,Cotton
Uttar Pradesh,Summer,Alluvial,1389.9754604013017,28.103299100005096,30.378929530978816,4,Sugarcane
Gujarat,Summer,Loamy,1843.346536717189,38.59553990862655,18.784746344569427,1,Sugarcane
Karnataka,Kharif,Black,1910.670056392643,15.43223504841835,19.238362498454823,3,Pulses
Tamil Nadu,Summer,Loamy,1739.2365074950415,28.033737298702984,72.69336063307458,2,Wheat
Karnataka,Summer,Loamy,761.1133773430183,13.127277388432931,59.85318639485383,10,Maize
Uttar Pradesh,Summer,Alluvial,1893.0797996571512,21.108234367316076,26.023033517993056,1,Maize
Uttar Pradesh,Kharif,Black,1887.6088095618798,38.221421632190186,18.97424869589153,4,Rice
Madhya Pradesh,Rabi,Black,1211.215448467127,13.260821960036115,19.40679889112598,4,Barley
Gujarat,Rabi,Loamy,913.7786178497355,33.606611226777275,35.495697499253694,4,Pulses
Punjab,Kharif,Red,533.5109594380729,24.004437107792192,33.65001908035495,7,Cotton
Madhya Pradesh,Summer,Loamy,427.59218507851705,12.99505617161562,48.97197581426591,1,Wheat
Madhya Pradesh,Rabi,Black,699.7944974742013,26.15858575163792,41.62656130663185,10,Cotton
Karnataka,Summer,Alluvial,350.635976414424,15.477465054044703,59.020944415292064,5,Millets
Madhya Pradesh,Rabi,Red,1772.2975719811454,37.51291498162793,90.69175949387919,5,Pulses
Madhya Pradesh,Summer,Alluvial,532.8902575995157,32.14859944025352,98.81042497754709,9,Wheat
Gujarat,Rabi,Alluvial,405.927814125511,22.021025305113497,16.16988035680872,5,Barley
Tamil Nadu,Kharif,Red,971.3592555951426,35.823369636564415,88.1561750331341,3,Cotton
Uttar Pradesh,Summer,Black,1561.9860143362341,17.222680612402012,90.70791838151793,8,Rice
Madhya Pradesh,Rabi,Black,575.7578673922922,24.528355338545772,47.22358985042944,2,Rice
Uttar Pradesh,Kharif,Loamy,771.7366616995781,14.988757917462268,32.369578816475496,2,Sugarcane
Madhya Pradesh,Summer,Alluvial,758.8057267089312,26.288575278518902,98.00768999474873,7,Maize
Madhya Pradesh,Summer,Loamy,1162.228758933433,12.67757971556767,18.42396003550136,2,Barley
Karnataka,Rabi,Alluvial,1936.3892352331145,29.572318073115902,81.53648063209323,1,Rice
Tamil Nadu,Kharif,Alluvial,715.5859584414341,21.327528942526637,11.513444898243256,9,Maize
Tamil Nadu,Kharif,Red,1551.7701293381017,11.848638075452794,49.891548158795665,7,Barley
Gujarat,Rabi,Red,1651.4198112180356,15.156561671299249,69.56163349095523,9,Cotton
Gujarat,Summer,Black,373.29327173788084,22.808620042180078,61.979303511896674,7,Pulses
Tamil Nadu,Summer,Alluvial,743.0343178280759,30.493023298813192,23.444226271817808,9,Wheat
West Bengal,Rabi,Red,1375.3443525674709,24.310450152499413,68.80797462094745,4,Rice
West Bengal,Summer,Sandy,1101.2195925262818,39.08525044563193,17.70009853539026,7,Rice
Maharashtra,Summer,Alluvial,387.60747444563,21.039095780897686,17.909041710264155,5,Rice
Punjab,Rabi,Sandy,1269.1832503418022,26.61194579640612,51.192611488775555,7,Maize
Madhya Pradesh,Rabi,Red,708.8756530529595,24.955929343873585,38.53449798564798,8,Pulses
Karnataka,Kharif,Red,314.6055996336283,33.21480280252716,17.170179973564093,2,Millets
Uttar Pradesh,Rabi,Sandy,1180.0720413996332,30.83554379795354,67.99374493847992,1,Wheat
Punjab,Rabi,Sandy,923.7335006516099,28.278541378336914,47.88802942750112,3,Rice
Gujarat,Kharif,Sandy,474.52673560947176,20.991827780843597,50.24025455195539,2,Millets
Tamil Nadu,Kharif,Sandy,1905.8385042051675,22.44287076886404,48.058979700878695,4,Sugarcane
Maharashtra,Summer,Red,1471.0784589201428,34.62568415137894,63.29526779969714,8,Wheat
Tamil Nadu,Rabi,Black,1113.0735808199593,17.43206793746223,21.954266409174345,10,Wheat
Karnataka,Summer,Loamy,1673.5732432493485,15.423534571500728,69.77706838754747,10,Wheat
West Bengal,Rabi,Red,1998.4711629384951,27.31820482636328,48.05060272477857,2,Maize
Gujarat,Summer,Sandy,371.87800885190427,39.831345888878936,51.21210702842118,2,Cotton
Tamil Nadu,Kharif,Alluvial,817.8884611520641,12.05047470019397,42.38085285619957,2,Cotton
Madhya Pradesh,Kharif,Alluvial,1698.5898338866255,30.487396534355163,87.13765630903558,3,Millets
Madhya Pradesh,Summer,Loamy,668.3789268504881,39.06177455889316,94.45504917186967,5,Sugarcane
Punjab,Summer,Alluvial,1789.9850223029628,26.206807407433057,31.671381323672872,8,Wheat
Tamil Nadu,Kharif,Sandy,497.63028738018807,31.807049318154,33.05658082724234,8,Wheat
Punjab,Summer,Black,921.3547489222733,12.857582979101128,16.84473169683006,3,Cotton
Madhya Pradesh,Summer,Alluvial,1178.8297323412862,24.183721278997673,37.40232187236436,5,Barley
Gujarat,Rabi,Black,1081.7327610523348,14.253120270088207,98.49540128038925,6,Pulses
Maharashtra,Summer,Black,564.777928206591,38.47541663972476,84.52699533163859,7,Sugarcane
Karnataka,Summer,Loamy,1622.0858087770516,37.7561488575467,37.70441474234327,1,Barley
Madhya Pradesh,Rabi,Alluvial,1404.024516824703,37.230130043691474,56.28064894267223,2,Wheat
Punjab,Kharif,Alluvial,1619.8351051668028,31.84120690174349,46.030229399214186,5,Millets
Tamil Nadu,Kharif,Sandy,1603.4278847484843,14.463700336423326,41.00949247746219,5,Millets
Punjab,Kharif,Red,1176.3519644097041,22.11677206557558,63.88615343522978,1,Pulses
Uttar Pradesh,Kharif,Alluvial,884.8022328346378,35.41984601826267,86.52360608346457,7,Barley
Gujarat,Rabi,Loamy,1794.1532275695865,23.107764694520498,91.93305409925331,10,Barley
Uttar Pradesh,Kharif,Black,855.7637848189325,22.159271972652384,56.56240762591285,10,Rice
Karnataka,Summer,Alluvial,1143.0479361603534,31.747747545006796,77.18648889249847,6,Rice
Tamil Nadu,Rabi,Red,1306.163985835642,24.612310362403534,36.785639865093245,8,Sugarcane
Uttar Pradesh,Kharif,Loamy,1641.4911559689676,37.771992266259886,23.209943624709794,6,Millets
Karnataka,Summer,Loamy,965.7205118948201,32.278935383357535,45.274953507232354,9,Cotton
Punjab,Kharif,Alluvial,1825.8197911336713,38.67497341208177,65.23814659557996,10,Rice
Uttar Pradesh,Kharif,Red,889.5255744559278,31.779876452108212,52.96939207018711,1,Barley
Maharashtra,Rabi,Red,1795.672146056316,17.749977108464805,62.03953975472245,4,Cotton
Maharashtra,Rabi,Sandy,1631.9287381651393,10.441886798566793,95.45698832255245,8,Wheat
Maharashtra,Rabi,Black,1966.524910208146,32.89017378547922,83.75649347017081,2,Rice
Madhya Pradesh,Kharif,Sandy,1936.5680292460092,21.816567329315284,73.59391391877318,5,Cotton
Uttar Pradesh,Rabi,Alluvial,1074.264048802483,35.95675375615223,92.10223087889027,2,Maize
Punjab,Summer,Red,1420.847546846706,15.689675890385946,64.23054419927806,9,Sugarcane
Gujarat,Rabi,Sandy,1456.037879060824,21.108032116897608,69.53970875544114,8,Barley
Karnataka,Rabi,Sandy,1462.1612234208985,27.69257894777988,75.55781826414345,2,Barley
Punjab,Kharif,Red,1220.2408324232451,10.016231585574022,10.02404628855231,1,Pulses
Gujarat,Kharif,Sandy,1353.3761608283567,27.66928792926925,61.69107078022066,10,Wheat
Maharashtra,Rabi,Red,838.7122973263389,39.16842982477192,91.1749378353477,6,Wheat
Punjab,Summer,Alluvial,554.3570052856637,32.717232676124695,42.2200686389854,10,Sugarcane
Karnataka,Kharif,Red,1288.5224632514055,21.652553432541513,10.065312237810843,9,Rice
Maharashtra,Summer,Sandy,411.0411975600818,37.04749202945965,60.504585736802085,2,Rice
Karnataka,Summer,Loamy,324.754294895443,23.21150150641848,95.58665457126499,9,Maize
West Bengal,Summer,Sandy,948.834521408388,15.704580219983537,44.46484156332298,5,Millets
Uttar Pradesh,Summer,Sandy,563.1701499801246,10.936732693882286,16.20469064763315,5,Cotton
Karnataka,Rabi,Red,1357.4668532949852,20.344271613084253,28.494165637430406,5,Pulses
West Bengal,Kharif,Loamy,723.0346711573868,26.063674404213383,10.809216826338169,9,Pulses
Uttar Pradesh,Kharif,Red,548.8677917518115,37.349394714256206,89.36379078063835,10,Rice
Maharashtra,Rabi,Alluvial,1764.772903363643,27.71831663752293,10.139666273971866,10,Maize
Karnataka,Kharif,Sandy,1043.6659993247417,25.52084946187756,92.79849379401082,3,Pulses
Maharashtra,Kharif,Alluvial,1005.1606906369645,11.760341540411241,48.742913226866136,3,Sugarcane
Tamil Nadu,Kharif,Loamy,1234.4384778816761,30.0424684938346,16.917628557325237,10,Wheat
Maharashtra,Summer,Red,1378.4853682321439,29.384442392622372,13.572461046171291,1,Pulses
Punjab,Summer,Loamy,647.7245910610842,29.959757747465076,70.3127649113614,7,Sugarcane
Tamil Nadu,Kharif,Sandy,941.5318824755659,16.933350705649552,63.115737766893595,8,Barley
West Bengal,Kharif,Sandy,640.743798148992,21.791647506079485,76.33807637308688,1,Cotton
West Bengal,Summer,Sandy,1190.58211917506,31.548320975904044,96.10031419255623,4,Pulses
Madhya Pradesh,Summer,Loamy,730.8744080324523,26.410813409251865,70.37504975916178,2,Maize
Punjab,Rabi,Black,1756.25339729093,24.29737640431064,39.21831676413105,3,Maize
Karnataka,Summer,Loamy,396.54303603472835,22.85252656505463,46.47888839293405,6,Barley
Punjab,Kharif,Red,1881.8712903694297,29.541928639289168,34.121486550664244,5,Wheat
Uttar Pradesh,Summer,Black,1461.4450327646134,25.98107053215153,82.98486467761978,9,Cotton
Karnataka,Rabi,Sandy,1213.8817582391102,23.93931159399864,68.11308764332526,6,Cotton
Karnataka,Rabi,Alluvial,1169.8845003467986,25.440210366828424,65.91310317273675,3,Millets
Tamil Nadu,Rabi,Alluvial,923.6224964506268,16.625070004733143,34.70501317486986,7,Barley
Maharashtra,Summer,Black,360.1042699771929,24.122486255529303,31.56452032453588,2,Maize
Tamil Nadu,Rabi,Alluvial,1710.0438645998265,28.044337603974398,41.06236404542247,6,Barley
Karnataka,Rabi,Alluvial,1690.0327806289558,34.43459997352108,90.59493403336187,7,Cotton
Madhya Pradesh,Summer,Black,903.6977557916797,21.342427324165598,50.21649828367058,7,Millets
Maharashtra,Summer,Red,945.438038752358,20.64249111890937,89.99290161630992,1,Rice
Tamil Nadu,Rabi,Red,536.3505532738217,34.05062063903281,40.473395372923946,6,Barley
Uttar Pradesh,Summer,Sandy,1139.3565584665726,12.71279556706292,51.75543140888124,3,Sugarcane
Karnataka,Kharif,Sandy,846.6016607813161,18.9580788911261,53.88420039717186,4,Rice
Uttar Pradesh,Rabi,Black,815.7497335011765,30.312405867222203,30.32532281504849,9,Rice
Gujarat,Rabi,Black,1665.9927577647252,23.780579693151086,97.07865318965723,6,Millets
West Bengal,Kharif,Sandy,885.2823008638176,13.039795757297245,56.53082164876673,5,Maize
Gujarat,Rabi,Loamy,779.830060358682,20.76967969619624,28.82858124250813,6,Sugarcane
Punjab,Kharif,Loamy,427.2438906973173,13.791175251334902,22.04388941527698,7,Millets
West Bengal,Kharif,Loamy,1054.0863126960028,26.71063774050537,21.196121775118733,9,Maize
West Bengal,Kharif,Loamy,1646.713510349969,15.593079863638945,55.53014928666009,9,Sugarcane
Uttar Pradesh,Summer,Black,747.4043520488583,30.76836363074701,71.91062293435922,5,Rice
Tamil Nadu,Summer,Black,1067.7729105628005,16.106006406989497,83.60359711903776,3,Sugarcane
Tamil Nadu,Rabi,Red,918.571774302979,22.549687405084214,44.28029204692278,8,Barley
Maharashtra,Kharif,Sandy,758.4648603705537,32.47731382406966,49.90544596355335,2,Cotton
Uttar Pradesh,Kharif,Red,905.5232778352859,20.37814770222243,15.342551882676043,2,Pulses
Madhya Pradesh,Rabi,Alluvial,1852.1665570240766,26.053316712526758,23.516409217546325,4,Pulses
Gujarat,Kharif,Black,1813.3702818130164,26.676301399219437,86.0272467709077,3,Wheat
Karnataka,Kharif,Loamy,1191.1247118959955,26.73677536427071,60.5769077074373,2,Rice
Karnataka,Kharif,Alluvial,545.7317346680909,26.64730418232015,75.38180075728688,8,Sugarcane
Punjab,Kharif,Black,547.86964637306,39.653847939779155,10.006793575376191,1,Millets
Maharashtra,Kharif,Sandy,848.6069049330739,11.076611901453768,92.36169403823656,6,Sugarcane
Punjab,Kharif,Sandy,554.693836195924,39.420137370950805,68.14770556367122,5,Barley
Uttar Pradesh,Kharif,Black,413.9618601201094,13.219265613188611,86.40729517933738,6,Sugarcane
Madhya Pradesh,Summer,Loamy,462.6127176114803,15.191216537341521,46.72632941067846,10,Pulses
Maharashtra,Kharif,Red,708.6573494047574,33.85585735244406,15.870471563374865,9,Pulses
Uttar Pradesh,Kharif,Black,1210.100406057628,30.99022368496502,40.31315686205103,5,Barley
Tamil Nadu,Kharif,Alluvial,916.5203114019383,10.38422182386861,64.36959182875586,8,Maize
Karnataka,Summer,Red,1745.4317233995691,34.30538003432861,62.19830749467181,1,Cotton
Punjab,Kharif,Loamy,1621.3785175193834,28.89103545966635,60.25773305786007,6,Cotton
Punjab,Rabi,Red,448.128452292618,27.89543934342091,92.20667333331413,10,Millets
West Bengal,Kharif,Black,774.3259913853497,19.583188087658463,58.73650315197065,4,Cotton
Gujarat,Summer,Sandy,1029.661937049042,31.425785771700948,23.24499840992044,7,Barley
Karnataka,Summer,Alluvial,1161.00772911202,17.069870709499753,74.07392756617759,7,Maize
Gujarat,Kharif,Loamy,1242.5888403170363,23.415953056799268,56.28468598536472,2,Barley
Maharashtra,Summer,Loamy,354.8563517012397,39.02087693580687,73.64703097693412,7,Wheat
Maharashtra,Kharif,Loamy,1047.8185193669515,14.556445086682281,85.60935009907654,7,Maize
West Bengal,Summer,Loamy,969.1313521290095,20.114006237360385,59.92172271401863,10,Maize
Maharashtra,Summer,Alluvial,612.088853399913,36.6729357052011,65.2741723527786,2,Barley
Punjab,Summer,Black,543.0752236289225,32.80435867705946,75.18019757800693,7,Pulses
Karnataka,Summer,Sandy,1092.655189429213,28.109680035356696,97.08760518128263,2,Maize
West Bengal,Summer,Alluvial,633.3185376061826,23.494897833092544,18.268616660559616,10,Cotton
Maharashtra,Kharif,Loamy,1493.1387028005763,21.596692451379916,50.99194020010184,7,Barley
Tamil Nadu,Kharif,Black,918.2034902015331,26.466686044787483,82.35770719185813,9,Sugarcane
Madhya Pradesh,Kharif,Red,1688.6683116800543,14.524824892451607,30.041760132602768,8,Rice
Uttar Pradesh,Summer,Red,1299.8089750674894,24.652771214964233,68.6138171030308,1,Cotton
West Bengal,Summer,Red,1097.4811465158546,12.219714536523238,32.814454563248816,8,Wheat
Karnataka,Summer,Red,341.17905006368056,11.3995375682457,82.69233299826642,5,Cotton
Punjab,Summer,Sandy,1873.1673921153342,38.471701558404526,23.163628388027163,5,Barley
Maharashtra,Summer,Black,745.1317880034749,29.304525386124304,83.64242577767243,5,Sugarcane
Karnataka,Rabi,Alluvial,596.3645971963206,20.8745142617566,29.063606806347664,10,Rice
Punjab,Summer,Black,1610.4304045704905,30.95542588693628,95.27766920087024,2,Wheat
West Bengal,Kharif,Sandy,683.4374707240968,36.98528642796451,89.20550282711429,1,Maize
Punjab,Kharif,Black,1587.5867828952819,34.052603558299026,54.87951566418134,7,Pulses
Punjab,Kharif,Alluvial,1268.4154442212498,17.397403108231757,34.48222563743607,2,Barley
Madhya Pradesh,Summer,Loamy,501.6937224032938,31.777545584576885,74.6521289242655,2,Pulses
Uttar Pradesh,Summer,Red,601.7066146448562,25.60339838123544,89.80919315051645,9,Wheat
Maharashtra,Rabi,Alluvial,1516.7767169315837,26.60572383557685,55.83018288994894,6,Millets
Tamil Nadu,Rabi,Sandy,1025.9823167667441,24.875594924062227,97.25461214694762,9,Pulses
Maharashtra,Rabi,Alluvial,944.5631509042828,22.826367756628407,31.956409427588746,4,Wheat
Uttar Pradesh,Summer,Sandy,1210.8170157430893,35.2270607652433,38.10069464884894,3,Sugarcane
Uttar Pradesh,Rabi,Sandy,1757.023350905069,23.379506426132625,56.53439851206175,10,Maize
West Bengal,Kharif,Alluvial,1180.298690991538,34.20244472855189,72.35148010185166,6,Barley
Gujarat,Summer,Alluvial,752.4697462916869,27.409144990609253,75.595090581517,9,Barley
Karnataka,Summer,Black,1558.489749227421,17.15547165474335,31.40512904864343,5,Maize
Madhya Pradesh,Kharif,Sandy,835.6163033608788,35.82430752596899,93.4019632344879,1,Barley
Maharashtra,Summer,Alluvial,1032.7577769283912,13.241784652944041,55.9426841200952,9,Maize
Tamil Nadu,Summer,Black,1282.663808575345,23.02516483756378,34.64857214406212,5,Wheat
Punjab,Rabi,Loamy,898.7054861640321,28.53618152903053,52.94796334681109,8,Cotton
Madhya Pradesh,Kharif,Sandy,942.8631838524831,10.466168959954857,35.70071403601122,1,Maize
Tamil Nadu,Summer,Sandy,400.3185590618866,38.084235447918914,43.477899542100815,5,Barley
Uttar Pradesh,Rabi,Black,1005.0251810598814,28.012312867352612,49.06229737987857,5,Wheat
Tamil Nadu,Kharif,Red,1878.6347445910249,17.04571828425299,49.24072550639413,7,Pulses
Gujarat,Kharif,Loamy,553.4043118636154,38.54362679704356,51.53689760828764,1,Pulses
Karnataka,Rabi,Black,1986.2416874488308,28.114987390756284,89.84554967578055,1,Pulses
Maharashtra,Kharif,Red,1675.633960753738,26.22336189790574,27.99197144125777,7,Pulses
West Bengal,Summer,Loamy,1025.1889470772435,11.087198176560426,50.192516039728716,7,Barley
Gujarat,Rabi,Red,703.5595031513552,27.74156836689986,19.114696182296488,9,Maize
Karnataka,Summer,Alluvial,659.8645130765641,18.69226692747834,68.70698264477849,8,Barley
Punjab,Summer,Red,446.20929466659624,10.8040008165541,68.10480257905502,3,Millets
Tamil Nadu,Rabi,Sandy,1451.209108521754,17.452311481120176,84.09003687992103,3,Sugarcane
West Bengal,Kharif,Loamy,1688.3801586684458,30.993274727755075,98.23337803916421,10,Wheat
Tamil Nadu,Kharif,Black,1073.8522104112767,34.007342927114365,87.93161283633043,10,Wheat
Punjab,Kharif,Red,516.6744256405091,29.68516885445253,61.54196239003037,10,Maize
Madhya Pradesh,Summer,Red,1223.399660473478,15.808893197520362,64.00164715909939,5,Wheat
Uttar Pradesh,Summer,Alluvial,823.7029174702756,19.382316836922932,89.11864314327345,5,Millets
Madhya Pradesh,Rabi,Alluvial,1977.1090909003835,11.875400613776712,59.295281075109436,5,Wheat
Madhya Pradesh,Summer,Black,1376.1507401082165,22.262615427641578,83.70313104528488,3,Maize
Tamil Nadu,Kharif,Alluvial,1680.8651669775784,18.201892889621384,64.62505143279543,6,Rice
Tamil Nadu,Summer,Black,404.18359872480846,35.86086794432107,89.86567108075835,2,Sugarcane
West Bengal,Kharif,Red,1363.3905240704787,22.435317305199977,11.839383243548593,9,Maize
Gujarat,Rabi,Black,1457.8763991039264,29.67251145423042,62.449515566744694,9,Rice
Punjab,Rabi,Alluvial,365.89184903137505,19.9550545033857,90.79579140315364,3,Rice
Punjab,Kharif,Red,1951.421380551513,28.123879230498968,17.359120561554928,8,Pulses
Punjab,Rabi,Red,1850.507695659832,27.91885839504643,24.118870748740754,1,Maize
Karnataka,Kharif,Sandy,522.7170193721091,33.554990479143626,56.256627814568844,3,Rice
Tamil Nadu,Rabi,Alluvial,505.36343946662,28.50849457132731,36.01801840992124,2,Cotton
Karnataka,Summer,Loamy,1592.8202641518142,38.76852324735963,50.72860105065239,5,Maize
Tamil Nadu,Summer,Black,1780.071409510948,21.138678690774697,43.99239115238242,6,Rice
Madhya Pradesh,Rabi,Loamy,1203.4289781891057,18.797714942948854,69.60095432698296,10,Wheat
Gujarat,Kharif,Black,1031.8451054358768,33.45808292264428,86.39894667683218,2,Barley
Punjab,Rabi,Black,1939.4618811365326,21.389797840537344,22.527029695045243,7,Rice
Uttar Pradesh,Summer,Sandy,1983.1274086405122,32.5294859821786,16.448340242245685,10,Sugarcane
Uttar Pradesh,Kharif,Alluvial,811.2317759329014,15.65164572675167,71.57690836492884,8,Rice
Maharashtra,Rabi,Black,806.5396601354125,24.019965718932344,10.956646112565169,6,Rice
Uttar Pradesh,Kharif,Red,1968.722268923674,28.034200711646832,45.128447908439014,2,Maize
Tamil Nadu,Summer,Black,942.7813750007509,26.624592333774256,58.94797152247174,1,Pulses
Tamil Nadu,Rabi,Alluvial,712.5439188418823,39.3738165779957,61.96197363126687,4,Barley
Punjab,Rabi,Black,560.5692277230228,30.432318173836677,26.102693840664326,4,Millets
Madhya Pradesh,Summer,Alluvial,1835.2126606780155,17.142754303611596,63.44519968533122,7,Maize
Maharashtra,Kharif,Black,1109.4897495260686,36.32928270090078,16.195588929325954,5,Sugarcane
West Bengal,Rabi,Alluvial,1811.4468157253275,20.23791234422556,44.54658562480746,6,Sugarcane
Punjab,Kharif,Alluvial,1455.7629851402053,26.36002941975465,69.52681779052102,5,Pulses
Uttar Pradesh,Kharif,Sandy,984.1230806091132,39.126590131388035,58.09261712315099,7,Millets
Gujarat,Kharif,Alluvial,1363.1514857848315,20.854547695451018,38.65955775116137,1,Sugarcane
Maharashtra,Kharif,Black,1445.5466007172329,17.72521478270444,22.826329693213243,6,Rice
Madhya Pradesh,Summer,Loamy,1140.3111760170593,18.484789180374325,14.881284982215188,7,Wheat
Gujarat,Kharif,Black,330.2321426361913,10.389163958026403,41.715618436835385,4,Cotton
Madhya Pradesh,Kharif,Black,417.75552436187104,10.463015367578299,72.73574689830292,1,Millets
West Bengal,Rabi,Sandy,1613.4968084793281,22.01716867816565,67.56333019043215,2,Barley
Maharashtra,Summer,Black,1663.9349668962411,28.240091918675958,17.871426931969175,8,Pulses
Tamil Nadu,Summer,Sandy,1261.6687232701631,27.38985553359161,97.58434527948812,3,Maize
Uttar Pradesh,Rabi,Loamy,982.6121739324285,13.487258292632799,93.88477806831396,4,Millets
West Bengal,Kharif,Sandy,1666.5160167337267,25.356161861399737,61.56830349053383,6,Barley
Maharashtra,Rabi,Loamy,357.060418110218,36.983543174193116,99.47708592346396,4,Barley
Gujarat,Summer,Loamy,1578.1766088334978,24.71022152448692,66.58728387856505,1,Wheat
Maharashtra,Kharif,Alluvial,1638.1244239392088,11.266980893857086,29.96786984961308,4,Pulses
Maharashtra,Kharif,Red,854.3848439729773,14.167816036381009,76.66172996316132,4,Millets
Gujarat,Summer,Black,865.939113520762,28.943655513016985,77.91006264513383,2,Sugarcane
Uttar Pradesh,Kharif,Red,1924.6774137054017,29.532208290358213,67.07927691593594,5,Rice
Maharashtra,Rabi,Alluvial,1415.143453920198,12.229877793659494,35.23438278472591,1,Sugarcane
Gujarat,Rabi,Sandy,1171.673996623245,24.731370943709678,63.530614224670614,1,Sugarcane
Uttar Pradesh,Summer,Alluvial,493.7090874217732,21.85634536694621,86.03974359355078,5,Barley
Tamil Nadu,Kharif,Red,402.2372667008552,10.700424542815712,22.15238562944517,3,Sugarcane
Maharashtra,Summer,Alluvial,861.5728423148088,26.55976799335858,95.14055821110234,4,Maize
Uttar Pradesh,Summer,Loamy,668.5369041773379,20.394139878626522,30.95039225537304,5,Rice
Karnataka,Kharif,Black,1325.8349931894015,11.12993836764799,61.671876217575665,8,Barley
Tamil Nadu,Summer,Red,1454.4391085535817,29.556703306520763,84.13242011221631,9,Millets
Maharashtra,Kharif,Red,1374.0103438072035,25.373194148815234,34.03675509818229,10,Barley
Tamil Nadu,Rabi,Loamy,378.2954116213159,11.54037366733138,56.24451277697747,1,Pulses
Karnataka,Summer,Sandy,1750.1796666839098,33.81901918146032,85.41902885335139,8,Rice
Uttar Pradesh,Summer,Alluvial,1123.6139348242978,30.763473568267294,32.755809732968686,9,Millets
Madhya Pradesh,Summer,Red,462.67279066186893,35.02422108760856,76.53405421137538,10,Maize
Punjab,Kharif,Red,1533.4185476185587,31.874032625801913,73.71705072164838,1,Wheat
West Bengal,Summer,Sandy,852.8993676486364,20.35811008657986,72.37047591082904,1,Pulses
Maharashtra,Kharif,Loamy,1593.6990567038442,24.88417578057818,20.797935943111924,4,Maize
Punjab,Rabi,Loamy,762.5649381315027,30.09146928161074,69.0574961110998,8,Maize
Madhya Pradesh,Summer,Alluvial,1648.5793959511486,28.400609021325057,28.225901563487206,3,Sugarcane
Madhya Pradesh,Summer,Red,612.3368812957713,37.177493240255316,84.78355609981809,1,Wheat
Madhya Pradesh,Rabi,Alluvial,1421.0195720801762,23.285591987399723,70.17917963889968,6,Pulses
Gujarat,Summer,Black,1799.9637926017115,25.409292999975314,85.16880834895834,6,Wheat
Karnataka,Rabi,Red,1237.969554923824,13.20061492730349,12.736660895028571,6,Rice
West Bengal,Kharif,Black,1483.6060380544548,27.82699816705035,73.55775515854984,3,Millets
Tamil Nadu,Kharif,Black,836.9915286561705,19.28998655042492,22.931319002364475,4,Maize
Madhya Pradesh,Rabi,Loamy,1819.7006848099536,18.15518259658822,21.99489110225924,3,Sugarcane
Uttar Pradesh,Summer,Loamy,950.9584144482895,10.26884784529315,55.74938648686863,2,Sugarcane
Maharashtra,Rabi,Alluvial,1531.856510103843,15.373573840053652,61.31392757286999,8,Rice
Karnataka,Rabi,Loamy,958.0638716567317,25.622228830667005,55.66454644628064,2,Maize
West Bengal,Summer,Alluvial,1653.4107781791365,11.487341538071004,98.39667823170392,7,Barley
Punjab,Kharif,Sandy,1989.7151256401498,29.483273764017024,81.08781616488629,3,Barley
Punjab,Summer,Red,1413.51366332439,18.958154881553572,20.335354741680923,3,Millets
Tamil Nadu,Kharif,Red,801.1674368786337,26.03327474310614,14.176829567724123,10,Sugarcane
Madhya Pradesh,Kharif,Sandy,1106.7231631181826,19.8663842748525,24.170924499468846,4,Pulses
Punjab,Rabi,Sandy,965.2811629701367,30.748464881966612,65.71726727137249,8,Pulses
Uttar Pradesh,Kharif,Black,1155.6984511123726,39.01633203097368,40.31323558748184,7,Pulses
Gujarat,Kharif,Black,1958.5223343503085,27.59502387300387,41.10609910083332,6,Sugarcane
Uttar Pradesh,Kharif,Black,1865.3446920389852,13.648273406878555,89.4449914231875,4,Pulses
Madhya Pradesh,Rabi,Black,944.3518968260818,21.15135223947437,43.93793147450875,7,Sugarcane
West Bengal,Kharif,Sandy,1972.3452445651694,29.169425824065627,48.76560758561611,9,Maize
West Bengal,Kharif,Black,1077.0726166094282,10.546589299309746,52.64762299795158,7,Maize
Madhya Pradesh,Rabi,Alluvial,408.8273236763938,21.820533677311175,74.30667777357657,7,Sugarcane
Maharashtra,Kharif,Loamy,1144.3345841847554,27.867329619831207,38.06887681333043,2,Wheat
Maharashtra,Summer,Black,1207.6547223467123,33.366899504894974,45.05988905039304,9,Wheat
Gujarat,Rabi,Alluvial,584.1972680665224,25.62911179058512,87.59102217169391,1,Barley
Madhya Pradesh,Rabi,Black,375.02410072768214,11.351564571096716,60.841664681873766,3,Sugarcane
Uttar Pradesh,Kharif,Alluvial,1876.0897937901873,21.437531281306587,89.1192249502632,8,Rice
Madhya Pradesh,Kharif,Sandy,1274.9554780058247,35.72253973677435,70.40076253041056,4,Pulses
Punjab,Summer,Black,932.1840390025911,12.945830479562972,95.12511298884452,3,Pulses
Gujarat,Rabi,Sandy,789.9184703793562,13.141727071870024,43.25186104303513,2,Rice
Tamil Nadu,Kharif,Black,1978.364264631167,30.42377376855816,37.60152696283376,2,Barley
West Bengal,Summer,Alluvial,1212.7892720905593,23.40766068995696,11.308247879774513,3,Barley
Punjab,Rabi,Black,1831.3683052939393,17.231736627223704,12.106572404548958,4,Sugarcane
Tamil Nadu,Rabi,Loamy,366.0064890334718,38.321513415305404,11.996894979677075,7,Maize
Punjab,Kharif,Sandy,1823.6170455527872,27.179966023934178,24.309198715033773,9,Cotton
West Bengal,Rabi,Black,447.88851827341796,15.324389287521107,93.81908104411134,7,Maize
Uttar Pradesh,Kharif,Sandy,761.7288658059674,21.904823116518262,17.637551090964333,3,Maize
Maharashtra,Summer,Loamy,1363.4150831356746,11.431217235139586,47.85524493538619,3,Pulses
West Bengal,Rabi,Alluvial,921.8461506219935,14.308233591908358,12.941852491135375,10,Pulses
Madhya Pradesh,Rabi,Alluvial,340.32012776784774,37.77105498767453,20.95199557404808,7,Barley
Madhya Pradesh,Kharif,Sandy,526.6520326924937,23.552605892772135,81.46846914058487,2,Pulses
West Bengal,Kharif,Sandy,743.8601515492312,16.736921620978976,75.14015939275845,6,Sugarcane
Madhya Pradesh,Summer,Sandy,1235.6297870236417,13.53909618179695,38.05003557600945,2,Sugarcane
Uttar Pradesh,Rabi,Sandy,1115.0161236668598,34.48867734495722,68.90533025936054,2,Sugarcane
Tamil Nadu,Kharif,Alluvial,1602.4350144962464,25.8805881342052,58.74588353840393,1,Pulses
Maharashtra,Summer,Alluvial,1919.7787365777767,18.443366443659187,72.81355701044063,6,Maize
Karnataka,Rabi,Sandy,1481.300562583791,18.60960788092961,27.26504526010637,7,Pulses
Maharashtra,Kharif,Loamy,1343.2917405536407,25.125394874073223,32.35912043002355,5,Maize
Maharashtra,Rabi,Loamy,1426.9236669884765,16.906596133084484,90.65482002085028,6,Rice
Uttar Pradesh,Summer,Loamy,635.4545475185105,31.20448816596825,89.78948177971655,1,Wheat
Gujarat,Rabi,Alluvial,1505.6611842521036,11.259405139708756,44.69511913017776,8,Cotton
Maharashtra,Summer,Alluvial,1092.8317475015492,19.125296916200483,30.00737739799412,9,Millets
Gujarat,Summer,Loamy,350.5852737995786,33.07186553610053,48.556239673303075,4,Sugarcane
Madhya Pradesh,Rabi,Alluvial,1479.9005048828585,22.144003115016112,69.89166752385219,3,Rice
Gujarat,Kharif,Alluvial,1209.7889409360068,10.684596434583556,65.78075133976029,4,Rice
Madhya Pradesh,Rabi,Black,1864.3536896814537,22.53300470752881,88.00453763033845,10,Cotton
Maharashtra,Summer,Red,1488.2721923514043,19.504033649140055,27.00597228340397,2,Wheat
Gujarat,Rabi,Alluvial,1203.1508555355936,13.029342978117587,86.45983029873372,7,Sugarcane
Uttar Pradesh,Summer,Alluvial,1832.9642542307688,32.442877151034054,69.75578595876982,3,Maize
Madhya Pradesh,Kharif,Black,1214.3118666150938,36.79225049969847,54.554026155460406,9,Maize
Uttar Pradesh,Summer,Sandy,910.8900724597962,24.034396516583886,52.1709058029377,5,Barley
Tamil Nadu,Kharif,Sandy,1356.9200318589178,35.28850942903205,52.89775429976821,3,Maize
West Bengal,Summer,Black,1757.711390853111,30.43135580719401,33.9404242217002,7,Barley
West Bengal,Summer,Black,1636.3430443582627,25.167962082592037,94.90220048459683,9,Barley
Maharashtra,Summer,Alluvial,1139.9257053894537,26.52426722278424,65.658667495495,9,Barley
Madhya Pradesh,Summer,Black,707.1565478645607,33.75705556924406,47.17262599440116,9,Pulses
Tamil Nadu,Summer,Loamy,1964.5332391970894,10.63929776780965,10.104059992741666,8,Wheat
Karnataka,Summer,Alluvial,646.97034420982,39.0342403219933,10.474290316048869,9,Sugarcane
Karnataka,Summer,Red,959.7405944008541,29.583575919329963,61.898823441095686,1,Millets
Madhya Pradesh,Rabi,Red,965.9893579853172,23.146914573249262,77.43603584764952,1,Millets
Karnataka,Rabi,Loamy,1849.7099770291486,11.242995661748882,59.504695097229934,9,Pulses
West Bengal,Summer,Red,1232.810861363777,20.909653929119223,15.892805349544354,8,Wheat
Uttar Pradesh,Kharif,Red,1732.5282026944906,38.9627678298412,26.967603268702735,10,Rice
Tamil Nadu,Summer,Red,1425.484184228415,33.6115703050001,53.980123491236526,2,Barley
Uttar Pradesh,Summer,Black,1171.7426349059344,23.394258486305073,83.43627874153889,2,Barley
Punjab,Kharif,Loamy,386.028612481345,32.79303423150414,17.025677092848326,8,Wheat
Madhya Pradesh,Kharif,Alluvial,654.2324200249919,19.061784781959908,54.8541879244921,10,Rice
Gujarat,Rabi,Black,1391.4907918125675,17.594111571839388,57.09660940728288,3,Maize
Madhya Pradesh,Rabi,Sandy,1128.224665052739,26.711501179827874,47.57972998951867,2,Maize
Gujarat,Kharif,Red,1261.9791927920792,15.477050163161898,96.42468832178359,3,Sugarcane
Uttar Pradesh,Summer,Sandy,702.117568890231,37.616345719800606,84.81976166930093,4,Maize
West Bengal,Kharif,Black,1575.224502184751,22.163645140218975,16.23330377337239,1,Cotton
Madhya Pradesh,Rabi,Sandy,1388.912084276593,25.867054939877786,10.694844971629236,10,Wheat
West Bengal,Summer,Alluvial,1723.198726136667,26.47942311514524,43.5089059579932,7,Wheat
Madhya Pradesh,Rabi,Alluvial,1946.4242457500359,27.894552125332968,76.64023361395108,2,Rice
Madhya Pradesh,Kharif,Black,743.2265621990297,20.772504073093693,56.90913509373192,5,Sugarcane
Gujarat,Summer,Red,946.6749742356502,20.689978935955526,12.642197884565327,9,Cotton
Madhya Pradesh,Summer,Red,592.1777450574757,28.112087427663994,21.161050255442575,3,Pulses
Maharashtra,Rabi,Black,1129.0246681968706,24.209172276436977,43.99785370512152,9,Wheat
Tamil Nadu,Rabi,Alluvial,1515.7789722518178,29.965984927815818,38.14523704332305,7,Barley
Karnataka,Rabi,Loamy,508.1606527835567,13.826445111347445,37.298781129456934,6,Maize
West Bengal,Summer,Loamy,893.1839616326098,37.49866687222335,42.49721032256317,3,Wheat
West Bengal,Rabi,Red,1699.6144797934396,29.45730496978956,76.45070946708307,9,Cotton
Tamil Nadu,Summer,Sandy,370.5072945686437,19.930474933944836,88.4985769343664,5,Maize
West Bengal,Kharif,Sandy,866.29315592979,19.370953140792466,81.61488501007545,3,Barley
Madhya Pradesh,Rabi,Sandy,1036.2449150304542,10.266775882588146,76.62121671168411,9,Barley
Tamil Nadu,Summer,Red,941.732187512923,39.673568101081806,17.61221397110834,9,Rice
Tamil Nadu,Rabi,Sandy,1088.7575744551787,17.792801782925416,51.416038537881796,9,Sugarcane
Gujarat,Summer,Red,473.2275379108504,39.03931003937201,29.484600921849616,7,Pulses
West Bengal,Kharif,Alluvial,1214.7458576934641,13.400671538303024,77.10607073743752,5,Pulses
Gujarat,Kharif,Loamy,740.5037924360824,37.00319871172012,46.28047934186575,6,Rice
Madhya Pradesh,Rabi,Alluvial,594.9721390514633,12.33979391968947,45.835778888036266,9,Maize
Madhya Pradesh,Summer,Black,432.97710018483536,21.56532344547115,47.046923860825174,1,Rice
Tamil Nadu,Kharif,Loamy,1369.6042809273274,15.32147704876089,78.59653298357252,10,Pulses
Punjab,Rabi,Alluvial,1689.7736032233431,25.857706054338102,89.64718500378805,9,Rice
West Bengal,Rabi,Sandy,1065.2504683906773,29.87176048410743,26.932419541493438,9,Wheat
Uttar Pradesh,Kharif,Loamy,1217.1428374048169,36.063876799327176,39.65224959396735,4,Pulses
Tamil Nadu,Summer,Alluvial,1855.423303684026,22.811096257303756,87.9645996806458,10,Millets
Gujarat,Summer,Alluvial,1821.4647854784416,14.380302231636172,84.7211751017384,1,Rice
West Bengal,Kharif,Loamy,1868.0635718367193,28.875321797777545,49.7342710915706,9,Maize
Karnataka,Kharif,Black,1470.4323524624067,23.173270082354406,24.391772577995102,10,Maize
Punjab,Summer,Sandy,1112.7084820644152,16.576016408317965,61.71365079160564,10,Wheat
Gujarat,Kharif,Alluvial,530.1904152373176,15.782568030023903,74.70935922100398,1,Rice
Tamil Nadu,Summer,Alluvial,1991.8508658972726,29.888258278405715,25.649333064969607,7,Cotton
Uttar Pradesh,Summer,Loamy,745.3887492712308,13.965492139187301,53.90544523142879,3,Maize
Maharashtra,Rabi,Alluvial,1554.4257410266596,17.033872595372603,76.03874506774508,7,Maize
Punjab,Rabi,Loamy,723.9279266006502,12.713755812372879,67.97728854163228,9,Maize
Gujarat,Summer,Sandy,1759.2921886473505,34.5546199175421,46.75160541314677,6,Wheat
Gujarat,Kharif,Alluvial,300.71014462764464,13.311918580657753,22.206933734642575,4,Maize
Tamil Nadu,Rabi,Alluvial,1249.273597072398,11.778059232282489,32.33640886945254,2,Barley
Karnataka,Summer,Loamy,1497.1787937999381,16.44242505023596,76.58754313975071,9,Sugarcane
Karnataka,Rabi,Sandy,955.8716564205813,38.29886221456783,54.889521862809616,5,Cotton
Gujarat,Summer,Sandy,325.960593830039,10.752890194853105,76.53274356742114,9,Pulses
Madhya Pradesh,Kharif,Black,1929.6598267902584,26.868369363607357,14.97993629031973,6,Rice
Maharashtra,Kharif,Loamy,1915.7265596536947,23.64292179947698,24.85001025421328,4,Barley
Punjab,Rabi,Sandy,745.5981368026362,34.27928382725045,29.259906030892722,4,Barley
West Bengal,Kharif,Loamy,625.9301899135626,14.743515375880376,34.42251719359587,4,Wheat
West Bengal,Kharif,Loamy,1293.8975912856254,22.902621697683564,59.27031732892166,1,Wheat
Punjab,Kharif,Alluvial,1282.717431618683,35.71740531693008,53.86279043512313,3,Pulses
West Bengal,Summer,Alluvial,630.2555878944818,16.850052166969228,31.763821266045117,1,Cotton
Madhya Pradesh,Rabi,Loamy,683.2319174458145,18.66230701318498,46.71897425695137,6,Rice
Tamil Nadu,Kharif,Black,1246.09740629814,16.710170621769443,80.51978794713371,5,Maize
West Bengal,Kharif,Black,1054.22105842149,37.32612326856136,18.297474765030028,5,Rice
Uttar Pradesh,Rabi,Sandy,1083.8016472309355,28.395604828979582,16.430386463293704,9,Wheat
Maharashtra,Rabi,Alluvial,1350.5442636923835,23.271928796133075,89.97772330222273,10,Cotton
Gujarat,Summer,Sandy,1724.4431384090883,24.586484198557024,14.781187261059276,5,Millets
Tamil Nadu,Summer,Red,743.2710684596633,14.077001620105005,64.33619640926054,10,Rice
Madhya Pradesh,Kharif,Loamy,443.46147368835614,23.003211875148473,63.034879902947075,10,Wheat
Tamil Nadu,Summer,Red,814.7222433130501,23.68169875482964,21.58671772935454,4,Maize
Tamil Nadu,Rabi,Alluvial,708.4257493209623,35.551007931448495,69.88213098576736,6,Cotton
Karnataka,Summer,Red,497.8950259346536,23.045891588042096,42.11458464925183,1,Millets
Punjab,Summer,Red,812.6316083973662,17.22002952993707,67.01812840167295,7,Maize
Maharashtra,Rabi,Loamy,1840.6266290095275,22.805810152855365,36.539525296663044,1,Cotton
Uttar Pradesh,Kharif,Alluvial,659.4152243241034,18.09908214553586,60.008207458292986,7,Barley
Maharashtra,Kharif,Alluvial,740.2110655407076,27.57213678972977,61.72075960445068,6,Maize
Punjab,Rabi,Loamy,396.9161006830283,39.9663696318008,91.71761487958346,1,Maize
Punjab,Summer,Alluvial,598.6794027536218,19.980378218604017,86.70276279291626,8,Cotton
Madhya Pradesh,Rabi,Alluvial,1416.2705476023034,37.3935313572482,79.94963401563388,4,Maize
Maharashtra,Kharif,Red,1662.8067445204836,15.102805607309223,83.10946360656942,9,Cotton
West Bengal,Summer,Sandy,894.0908789799543,34.876809555761625,45.88595771672217,7,Millets
Madhya Pradesh,Summer,Alluvial,951.0380679309662,16.797441175359474,96.25638697367143,6,Millets
Uttar Pradesh,Kharif,Black,1216.275432969724,16.73632033402524,28.69815385590328,4,Sugarcane
Tamil Nadu,Kharif,Black,1422.3097457941467,28.633764931628466,28.377247062431213,3,Pulses
Maharashtra,Summer,Alluvial,612.7522674084762,18.849763914162104,75.39811617270384,2,Barley
Punjab,Summer,Loamy,448.92362713096065,29.112629772714417,21.92896209934043,3,Pulses
Karnataka,Summer,Loamy,1671.634514640644,24.547880615802278,38.24776686351203,6,Pulses
Uttar Pradesh,Summer,Red,1075.6627228419036,34.636490245282175,49.21326000008825,7,Maize
Madhya Pradesh,Kharif,Red,1550.4751075939237,13.7226357993894,17.078988119293154,6,Rice
Gujarat,Summer,Red,754.7055518383377,27.221717230751427,15.45900313223986,3,Barley
Madhya Pradesh,Kharif,Red,863.0747138754214,10.468996073168999,35.75448184436652,1,Pulses
Tamil Nadu,Summer,Loamy,646.0440116552762,31.81515017347311,21.48857621834518,9,Maize
Tamil Nadu,Kharif,Loamy,1204.8816040556153,34.466586520126626,32.261338457307104,3,Cotton
Gujarat,Rabi,Loamy,1041.2331063589327,21.839604702983223,41.0875704606086,5,Cotton
Karnataka,Kharif,Red,1735.2687551016468,11.02078254897265,10.260184619519526,7,Cotton
Karnataka,Summer,Loamy,1852.462747639635,16.23322583697874,13.915941464675896,10,Sugarcane
Tamil Nadu,Rabi,Alluvial,1735.674851831964,22.735528728499204,41.801609349355964,6,Cotton
Gujarat,Rabi,Red,328.5877115081407,29.152314219223314,70.38181889272028,1,Wheat
Punjab,Kharif,Alluvial,1649.847012654502,35.14393239498416,48.88953707672867,10,Rice
Tamil Nadu,Rabi,Sandy,1608.3490353091672,32.269811170520704,43.43336879089883,2,Millets
Maharashtra,Kharif,Sandy,1653.7915198389314,24.617584197156553,37.802074940989186,2,Barley
West Bengal,Rabi,Black,1385.6145526108946,13.595451589706176,83.23160958783572,6,Sugarcane
Madhya Pradesh,Summer,Black,667.2193365418577,37.27011446707582,80.77889367660241,4,Cotton
Karnataka,Kharif,Red,890.112964091927,18.969826731357735,21.388689392920824,8,Cotton
Uttar Pradesh,Rabi,Red,1397.7017565507072,22.423832787519267,58.3427403235392,7,Maize
West Bengal,Summer,Red,874.3632163632026,20.765531966286364,69.58354198685562,9,Pulses
Gujarat,Kharif,Loamy,335.0802339536421,39.65666924423141,49.709316580783934,4,Wheat
Gujarat,Kharif,Alluvial,1738.1405772571563,16.50385327558957,76.44279901146177,2,Pulses
Punjab,Rabi,Black,1666.168141156242,11.339110430568656,53.41586525988631,8,Cotton
Gujarat,Rabi,Alluvial,1302.493101328796,35.36216166314519,18.115083956559772,7,Millets
Gujarat,Summer,Sandy,578.9153352729506,29.163166527732624,94.93732505503398,2,Wheat
Uttar Pradesh,Kharif,Sandy,653.2142443506431,15.62238585449356,99.55565291293242,1,Barley
West Bengal,Kharif,Alluvial,575.167891099838,23.504138131407228,36.46837183599227,5,Sugarcane
Uttar Pradesh,Kharif,Sandy,639.0436894289314,34.80876655345979,46.83340014116954,9,Millets
Madhya Pradesh,Summer,Loamy,1933.2848185210548,34.790840686220534,49.938256352793495,10,Millets
Maharashtra,Rabi,Alluvial,1498.1419786322645,23.320889613555778,32.32959848650932,5,Millets
Madhya Pradesh,Rabi,Black,1981.6189204789473,32.852054339057915,71.65240283246695,5,Rice
Uttar Pradesh,Rabi,Alluvial,766.222784522737,17.36084841593742,55.7552633108909,8,Maize
Tamil Nadu,Rabi,Loamy,1612.9880314027391,27.36169606313056,58.223732731718215,4,Wheat
Uttar Pradesh,Summer,Black,1474.448020263553,33.924082700143174,11.771709125165499,1,Maize
Madhya Pradesh,Kharif,Alluvial,1084.0806233663789,38.24645815672966,36.52409323568658,10,Maize
Uttar Pradesh,Rabi,Sandy,1330.699923863434,38.79591341684671,40.78676051111205,4,Wheat
Uttar Pradesh,Summer,Alluvial,1617.7041129068944,15.837581201255,11.560561819779437,4,Rice
West Bengal,Summer,Alluvial,1721.6577863818547,33.327152238166846,26.743325999885343,8,Sugarcane
Tamil Nadu,Kharif,Loamy,1280.4615369404476,33.264545390505404,98.46950256801605,7,Wheat
Gujarat,Summer,Red,651.0026233769347,34.89401638898249,91.31620294191927,10,Millets
Uttar Pradesh,Kharif,Red,819.8051802639633,26.52113755117658,31.44506608730516,6,Cotton
Gujarat,Kharif,Alluvial,1017.4996070072445,33.18855398056587,94.97108890271653,7,Cotton
Punjab,Kharif,Red,1986.019156776163,26.727323221958624,99.05935095512321,6,Maize
West Bengal,Summer,Black,1503.3569681206275,23.848883950556544,88.8205728268944,4,Pulses
Madhya Pradesh,Summer,Black,1564.0722745046623,14.108824963540268,27.283256087230505,6,Maize
Karnataka,Rabi,Sandy,1574.4790127335866,32.314007245172604,38.913523848331735,6,Pulses
Karnataka,Rabi,Loamy,866.523859655312,27.254510878225542,62.66624264628678,3,Cotton
West Bengal,Rabi,Sandy,888.8197936535763,18.899614620910942,70.55097511523313,3,Barley
Madhya Pradesh,Summer,Sandy,1684.8708049313236,36.666572707322004,47.45612788134216,1,Millets
West Bengal,Kharif,Loamy,494.96391208926417,20.42415365748783,73.12582266023722,10,Wheat
Gujarat,Kharif,Black,452.4816334640244,18.332254751660276,73.22120560317836,5,Rice
Gujarat,Rabi,Red,1462.7683562025618,36.877970103368575,63.05045888215437,3,Sugarcane
Karnataka,Kharif,Red,1414.6969980470574,12.267337173938612,72.2932357647974,6,Wheat
Gujarat,Kharif,Red,508.24202764779517,33.51165481091935,59.07593009931992,2,Barley
Maharashtra,Rabi,Alluvial,896.488049781452,15.57992952452095,78.50355564265656,1,Cotton
Tamil Nadu,Summer,Sandy,1636.2358969964175,22.293090101745722,24.50778205208171,8,Sugarcane
West Bengal,Summer,Loamy,1201.6403159877173,28.754654818167253,36.51789529629238,4,Cotton
Madhya Pradesh,Kharif,Alluvial,976.3365354042967,13.875545839580015,29.90584699430431,8,Barley
Maharashtra,Kharif,Loamy,1946.1645505215604,15.7376948391632,50.05170398501566,1,Rice
Punjab,Rabi,Sandy,1157.7314023902459,24.1002088102844,10.0025082402482,1,Sugarcane
Uttar Pradesh,Rabi,Sandy,1027.3406198313587,14.49302961258329,27.246737254556457,3,Wheat
Karnataka,Summer,Sandy,470.29377545836553,12.003194298184336,76.1436205699519,3,Maize
Uttar Pradesh,Summer,Alluvial,1377.844049064686,33.55610373695496,69.1984346226875,8,Sugarcane
Madhya Pradesh,Rabi,Red,1161.534508634605,16.402595999544943,22.904769747923147,8,Rice
West Bengal,Summer,Black,1632.2133882506473,18.877247797056608,58.21630106376394,1,Maize
Karnataka,Kharif,Black,1995.745988077163,31.43576854046301,56.7671204831011,3,Rice
Uttar Pradesh,Kharif,Loamy,338.7217626894807,33.30942322564538,86.83882503174978,1,Rice
Uttar Pradesh,Rabi,Alluvial,1707.712864016843,28.198935606032737,12.175445997533386,8,Cotton
Gujarat,Summer,Sandy,1547.9689288532525,36.95828718204931,37.743655210883745,6,Cotton
Punjab,Kharif,Red,1503.253030744925,20.02749654390596,16.192253375303927,9,Cotton
Madhya Pradesh,Summer,Loamy,1987.7704378109886,14.348018274018113,73.9403017850072,5,Barley
Madhya Pradesh,Summer,Loamy,777.1154050200249,11.817152841439697,32.32271577662557,3,Maize
Punjab,Kharif,Red,1708.1760375140252,28.632979523255244,30.241205966552403,6,Wheat
Maharashtra,Rabi,Red,1200.9834847257634,24.588492323166566,60.06785447958237,7,Cotton
Punjab,Summer,Alluvial,909.6395397546967,25.893892092181467,92.25227954690011,9,Wheat
Punjab,Rabi,Loamy,1300.5287280613097,19.057795257357245,74.21519335517982,2,Sugarcane
Karnataka,Summer,Sandy,899.3012092261354,38.164032050347515,15.715890133890447,1,Wheat
Tamil Nadu,Rabi,Red,451.2129433386589,30.53107117427342,31.300667601259516,6,Pulses
Uttar Pradesh,Summer,Sandy,1686.9378731423935,23.824229439276806,12.117582803493166,10,Millets
West Bengal,Kharif,Alluvial,1909.2573233691107,24.806049097091304,30.0894124784567,8,Wheat
Maharashtra,Kharif,Red,568.9166293758757,35.15118690755277,97.39425077245993,10,Wheat
Karnataka,Summer,Alluvial,1096.6856086886648,21.820817870271465,69.8724846018455,8,Wheat
Gujarat,Kharif,Black,1035.7342198505098,19.96444400045163,43.00633044416916,8,Millets
Maharashtra,Summer,Red,1785.5447487227918,32.119255236693675,31.242305556286656,7,Rice
Gujarat,Rabi,Sandy,1985.4944669649594,17.746679350435414,55.89574347700102,8,Maize
Punjab,Rabi,Red,1264.7095244454244,37.521008912333855,25.47015820832103,7,Rice
Maharashtra,Rabi,Loamy,1758.369712133793,30.843455097872216,47.63653836454914,6,Sugarcane
Madhya Pradesh,Kharif,Loamy,602.8506336031663,17.773560372546598,95.87935247990367,6,Cotton
Gujarat,Rabi,Black,1971.0148115696156,29.556243862209623,84.23389017018322,7,Maize
West Bengal,Summer,Red,1561.0775271945704,23.38754045188289,96.34671401090627,2,Rice
Uttar Pradesh,Summer,Loamy,647.2760333065589,25.853272088192757,65.2361833038145,6,Barley
Punjab,Summer,Black,1726.3837207745037,19.105528448704792,33.1164612434569,3,Cotton
Punjab,Kharif,Black,516.1104699640149,32.25401696279749,26.804481740767333,7,Maize
West Bengal,Rabi,Alluvial,1649.1478776619738,38.33322741059277,54.27420153929243,7,Maize
Gujarat,Rabi,Alluvial,1974.3655215029125,36.83594457195137,66.18205796133877,8,Millets
Gujarat,Summer,Red,1672.6988931062767,31.671933231313755,40.31535900110454,9,Rice
Uttar Pradesh,Kharif,Black,826.7263114069583,29.96211955805272,88.86713986438332,1,Pulses
Karnataka,Rabi,Alluvial,395.16868180761713,30.2912191551149,97.075090866792,4,Rice
Uttar Pradesh,Rabi,Loamy,1279.9797592953685,28.771237719969445,34.68790018313189,9,Sugarcane
West Bengal,Summer,Red,1700.7930665863537,34.48242986555479,37.39645130775949,7,Rice
Maharashtra,Summer,Alluvial,526.062941074698,15.16585891193767,11.54479082293531,6,Barley
Uttar Pradesh,Rabi,Loamy,1384.8387106928885,13.177985393201032,92.36416120624457,9,Maize
Punjab,Rabi,Loamy,1756.7616145613756,34.48517186191842,60.858619539929684,3,Rice
Gujarat,Kharif,Black,1321.23329212719,28.872819729287507,11.428780675373748,3,Pulses
Uttar Pradesh,Rabi,Black,691.4421339732845,26.379049658350475,19.630909563128103,9,Maize
Karnataka,Kharif,Loamy,1642.9372309825856,26.00067233618035,40.39551636275664,10,Wheat
Uttar Pradesh,Summer,Alluvial,1189.2493736964834,39.649315267699734,41.53164800334554,6,Millets
West Bengal,Summer,Black,317.4733781329164,26.240077044177777,27.891948051712546,8,Sugarcane
Punjab,Rabi,Sandy,1118.2466464996016,29.061035563121166,97.10210360781976,6,Maize
Karnataka,Rabi,Loamy,1625.4739627051677,10.773449980618778,63.53440673347827,2,Cotton
Tamil Nadu,Kharif,Red,999.0698752889346,18.54708418747483,22.722744991859013,1,Cotton
Punjab,Summer,Black,1163.4305093225096,11.2629256967309,73.40950155918199,4,Cotton
Tamil Nadu,Summer,Alluvial,1136.5075659342256,38.65286082012825,83.17875069932873,10,Pulses
Punjab,Rabi,Black,469.5450484407585,21.35991057184112,99.02384257589769,9,Cotton
West Bengal,Summer,Loamy,1570.1132279868177,38.50678622703994,55.75335647608794,7,Barley
Punjab,Kharif,Alluvial,1623.3600088718545,34.80821213707268,11.991808708110641,2,Rice
Uttar Pradesh,Kharif,Loamy,862.5099736876066,16.773965071061088,70.48620171956829,6,Wheat
Maharashtra,Kharif,Sandy,1238.5530964736743,16.414075312437134,90.48044392748507,5,Barley
Punjab,Kharif,Sandy,1941.7858488975114,34.37620044483717,72.94750666574203,5,Cotton
Maharashtra,Rabi,Sandy,405.51919861333766,13.6054541282673,97.44627659976003,8,Millets
Punjab,Kharif,Loamy,1639.3259333761102,29.25342434913109,55.47244005216479,3,Pulses
Gujarat,Rabi,Sandy,1048.234476215323,17.176261765399396,46.853079405583514,7,Maize
Madhya Pradesh,Kharif,Black,1660.7740092168556,15.873733859522282,17.43430712738927,4,Cotton
Madhya Pradesh,Rabi,Black,1690.5222323984317,27.99053398187107,73.12426924365622,7,Cotton
Tamil Nadu,Summer,Sandy,946.8568074578453,13.744092863558983,75.5616612105003,2,Sugarcane
Karnataka,Rabi,Alluvial,603.0050743011495,36.2353366127444,50.08605223821406,5,Rice
Punjab,Rabi,Alluvial,1884.0588424065413,13.927182513107894,68.4352947733475,8,Sugarcane
Maharashtra,Rabi,Red,634.5246996099997,18.901680121707564,63.97265836913217,4,Cotton
West Bengal,Rabi,Loamy,1525.3371202454873,32.8939909387898,91.68068778188437,4,Sugarcane
Gujarat,Rabi,Alluvial,1882.2387474442232,21.949799365381843,90.2451685619261,9,Cotton
Punjab,Summer,Alluvial,486.1314230532065,22.1172549874409,90.26814121275193,10,Maize
Madhya Pradesh,Summer,Loamy,1062.838654272085,38.05213322123913,97.74870913311017,7,Sugarcane
Punjab,Summer,Loamy,549.0034478471259,33.162080623095754,82.3260011668697,7,Pulses
Maharashtra,Kharif,Sandy,1870.3648041498416,38.17686555349526,27.28804369141737,4,Maize
Gujarat,Summer,Alluvial,1028.1121006784601,27.58143702768787,35.25928154711151,3,Barley
Uttar Pradesh,Kharif,Sandy,1618.6145218676656,26.279190935702474,26.54957395983758,6,Cotton
Uttar Pradesh,Kharif,Black,989.8029684572223,27.709112530710765,97.26836804452323,2,Millets
Punjab,Rabi,Alluvial,993.3742913497525,10.135434179777409,79.66438843088251,4,Cotton
Uttar Pradesh,Summer,Black,1799.5752040522061,15.31077698072906,61.132042586156935,3,Cotton
Madhya Pradesh,Rabi,Alluvial,1557.1345004493244,21.727884828779445,42.53619609043962,9,Wheat
Tamil Nadu,Summer,Black,1370.4630825047586,16.983075423350538,57.785297240502224,5,Cotton
Uttar Pradesh,Rabi,Alluvial,1903.6305175683945,33.93595387595886,95.16679245488798,7,Sugarcane
West Bengal,Rabi,Loamy,1414.7151280311414,37.895728737973535,74.00402705312648,8,Cotton
Madhya Pradesh,Summer,Sandy,1906.829776939142,29.304694736282496,39.82581805324125,6,Millets
Uttar Pradesh,Rabi,Red,1670.446744466827,18.58670146568145,67.12926367720739,6,Pulses
Maharashtra,Summer,Alluvial,1810.5680428466858,12.014673629284694,76.9119202278349,5,Pulses
Uttar Pradesh,Kharif,Sandy,918.0279845654592,35.094804467212185,23.08771759375718,7,Cotton
West Bengal,Rabi,Black,670.6408316821947,19.60197862479317,49.864263404139585,3,Wheat
Maharashtra,Rabi,Alluvial,1973.8928616431472,19.260184394209432,83.67599232810964,6,Rice
Maharashtra,Rabi,Alluvial,823.5581662874445,35.03010684032007,31.58111491787627,1,Sugarcane
Madhya Pradesh,Rabi,Sandy,1152.541057931202,21.201644756893742,65.23883041654867,8,Millets
Maharashtra,Summer,Red,1916.6006616515183,18.04938956895073,48.74702627870005,3,Pulses
Gujarat,Rabi,Sandy,384.69088078587663,15.134857145091205,86.30911340142688,3,Cotton
Punjab,Rabi,Loamy,1685.128085794635,39.616957412326386,34.23853060929528,5,Maize
Maharashtra,Kharif,Red,1003.5416030147985,21.588524073167076,27.69897972391986,6,Sugarcane
Madhya Pradesh,Summer,Sandy,777.5845089831464,37.93904729090546,41.844322608658416,2,Maize
Karnataka,Kharif,Sandy,954.0728838498728,39.10997017027498,41.12981442921933,6,Millets
Tamil Nadu,Kharif,Loamy,1338.5006481085677,35.54213408366243,63.90368212174016,6,Millets
Karnataka,Summer,Alluvial,1936.764476298977,15.606146440467311,18.15202594608252,8,Maize
Punjab,Summer,Red,1405.5154832686442,19.386196011185035,84.08170225672085,6,Millets
Punjab,Rabi,Sandy,1184.3447177905339,31.727890249960737,21.085900142765563,6,Millets
Tamil Nadu,Kharif,Alluvial,1149.3334912504538,14.31205495943961,87.4825480793913,5,Rice
Maharashtra,Summer,Loamy,330.83760495960104,39.097103378016705,11.875922818663248,4,Pulses
Gujarat,Kharif,Loamy,395.7474301529886,18.696378665786096,43.87907273521547,5,Wheat
Tamil Nadu,Kharif,Black,632.1330345741133,25.78358796403356,80.53904032461905,1,Wheat
Tamil Nadu,Summer,Sandy,1085.19590133092,23.285306702739014,31.98912648715191,9,Maize
Maharashtra,Summer,Sandy,345.28148189255023,32.56432436228353,85.98016682675166,8,Cotton
Gujarat,Kharif,Red,1760.1526655980815,32.72643995479009,61.73724927561472,2,Wheat
Gujarat,Summer,Sandy,712.3797548420858,29.510708147698814,85.23346376339994,1,Maize
Madhya Pradesh,Rabi,Red,1690.8719804271436,19.03222999704144,17.04371026054012,6,Cotton
Gujarat,Summer,Red,781.239516264628,31.948483992491887,82.61881018836819,9,Pulses
Tamil Nadu,Kharif,Alluvial,1300.6533543868081,35.92975568165715,22.494135689880338,1,Millets
Tamil Nadu,Rabi,Sandy,1651.3165357056798,39.55385682659833,40.55787391015254,6,Cotton
Uttar Pradesh,Rabi,Alluvial,908.9278636059706,14.372498868173246,86.88400120987436,6,Rice
Madhya Pradesh,Rabi,Red,349.4495970108342,38.51580925528684,39.576939606042856,7,Barley
Uttar Pradesh,Summer,Loamy,1264.9615306786939,38.687192125162326,34.21525308083594,3,Barley
Karnataka,Summer,Loamy,1592.1499678785026,34.28470701856723,40.022470019715435,8,Maize
Maharashtra,Rabi,Sandy,1627.7842446129223,32.383274305990284,36.25014779167067,7,Wheat
Karnataka,Summer,Black,1224.9219452091481,12.0447536144105,88.99967778735575,1,Millets
Uttar Pradesh,Kharif,Alluvial,972.0281676380405,12.543120042063629,42.012688287506656,2,Wheat
Tamil Nadu,Kharif,Alluvial,1021.697142718375,13.186039200960469,44.7607048830011,6,Millets
Maharashtra,Kharif,Red,1484.3552479047817,30.764838819732223,20.178193309741637,1,Millets
Punjab,Summer,Loamy,365.6982491494487,39.71434429744238,71.3072250511339,7,Millets
Maharashtra,Kharif,Loamy,1179.945932600082,15.694292213050849,57.92594068626331,4,Rice
Madhya Pradesh,Kharif,Loamy,979.2247844828623,13.644169448722202,47.608708339460584,5,Cotton
Gujarat,Kharif,Sandy,1028.4963454353392,32.99677925150135,29.224204743726844,4,Millets
Tamil Nadu,Summer,Black,1797.7087310431625,20.611071745802455,52.836731713119214,7,Sugarcane
Tamil Nadu,Kharif,Alluvial,1157.797959847357,12.94174418774167,95.13253770503329,4,Cotton
Karnataka,Rabi,Red,1148.9020860042556,17.750680962895864,33.489382663825566,3,Barley
Tamil Nadu,Kharif,Alluvial,541.3602985178725,20.033570136374703,83.81289408540606,6,Maize
Gujarat,Rabi,Sandy,1412.2621160499032,18.11305080330219,92.50175535316903,4,Wheat
Punjab,Summer,Sandy,1218.5687681542008,30.187995726644477,19.23863931668469,6,Wheat
Karnataka,Summer,Black,1002.0518517950088,14.393772565464324,69.38084003723574,10,Rice
Tamil Nadu,Kharif,Red,605.322682647344,33.806307338365194,73.83186000497346,2,Pulses
Gujarat,Summer,Alluvial,1693.8941581606693,38.53892274404915,47.72340403245933,2,Wheat
West Bengal,Rabi,Sandy,561.2125578164314,29.104404583535093,26.150114215516453,7,Cotton
Tamil Nadu,Rabi,Sandy,588.2984349771109,38.15131835073677,89.76739826935187,9,Wheat
Maharashtra,Kharif,Sandy,993.5496860013037,28.126212910885677,75.2746398739462,9,Sugarcane
West Bengal,Rabi,Loamy,735.034595367171,22.31517029816593,36.99355132735768,10,Wheat
West Bengal,Summer,Alluvial,757.3313011727073,10.218741364747105,33.81144523882197,3,Sugarcane
Tamil Nadu,Rabi,Black,1901.6556998501705,29.978470039070736,63.97689495578483,1,Wheat
Punjab,Summer,Alluvial,1235.7046469449617,37.19320155017404,73.91300727470794,5,Millets
Madhya Pradesh,Kharif,Alluvial,1728.7534994655698,17.40579923061453,86.87052663221064,7,Pulses
Tamil Nadu,Rabi,Red,1983.7342535729624,34.67771682264801,71.96966028187788,1,Pulses
West Bengal,Rabi,Black,1857.9921991885753,31.759133479052412,11.658729859279035,3,Barley
Gujarat,Kharif,Loamy,461.9628602581729,20.26589900196818,92.62977014379473,10,Millets
Maharashtra,Summer,Red,800.7306141217903,30.073986284318224,89.47794093183991,5,Rice
Punjab,Kharif,Sandy,339.1759890930393,33.697423151526465,32.3730452791568,1,Cotton
Punjab,Rabi,Loamy,584.1822380567556,33.58182854655698,88.1854587810702,2,Rice
Madhya Pradesh,Kharif,Black,1026.2481483392594,13.37026645951518,33.70921163451143,7,Pulses
Punjab,Rabi,Loamy,1507.585104695153,35.633319599533294,72.7890001784114,8,Millets
Maharashtra,Rabi,Black,1176.7542667450411,17.96854307265169,60.32210894185362,7,Wheat
Tamil Nadu,Summer,Red,1380.1332415228096,37.00260494947217,37.38778934508848,4,Wheat
Maharashtra,Summer,Alluvial,1377.1899061023616,33.966868168868,23.067665308618658,9,Sugarcane
Tamil Nadu,Kharif,Loamy,1409.8618488713494,36.02598736116826,92.59733612122588,9,Sugarcane
West Bengal,Summer,Red,1646.5775303576386,29.851084358155287,89.22712189514199,7,Rice
Madhya Pradesh,Summer,Red,525.9015507776969,13.762762485698389,39.99498237628882,10,Cotton
Maharashtra,Summer,Sandy,786.669036830444,32.44976109518139,25.663746338016594,4,Rice
West Bengal,Rabi,Sandy,1352.1013583648732,37.42711489256304,96.95067377590445,9,Sugarcane
Madhya Pradesh,Rabi,Sandy,1550.080470231085,36.13899841613933,77.79238494002239,9,Rice
Gujarat,Rabi,Alluvial,1114.8587666017343,19.895808103918384,91.90029253528512,2,Rice
Madhya Pradesh,Rabi,Alluvial,815.8591425453707,16.499029810304325,41.571424570559216,4,Millets
Punjab,Summer,Black,1043.5971418743702,23.358516496772914,62.61369362599832,2,Wheat
Gujarat,Kharif,Sandy,1046.2301479416433,11.067665201526347,40.85710635887948,7,Millets
Karnataka,Summer,Alluvial,1595.3796529554868,34.222191285114405,86.54757996015368,5,Rice
Madhya Pradesh,Summer,Black,1237.647162067708,20.69159591709638,85.33740565672665,1,Rice
Madhya Pradesh,Rabi,Alluvial,798.4245948688148,26.223570124562066,78.58687212442655,7,Wheat
Karnataka,Kharif,Red,1798.7622102527441,35.52496501489552,68.1378161952253,2,Barley
West Bengal,Summer,Red,1718.212832778876,23.30882550302913,69.42433619061418,6,Millets
Gujarat,Kharif,Sandy,638.709903606574,26.42046391308619,43.27265566870333,4,Pulses
Punjab,Kharif,Loamy,1839.092496288246,32.31956300526659,47.13221173395981,4,Rice
Maharashtra,Rabi,Sandy,831.5592793104814,16.34143608872506,48.344061082336,3,Rice
Tamil Nadu,Rabi,Red,958.9957223538343,13.506299461753308,29.77847936109836,10,Cotton
Uttar Pradesh,Kharif,Red,1809.5786987683216,33.41233658422991,66.6901542262809,5,Barley
Karnataka,Rabi,Alluvial,1603.1547521285327,15.974060211207785,90.22790672910624,1,Pulses
Tamil Nadu,Kharif,Black,1658.4273249170828,34.15985564569685,81.32742186507886,7,Barley
Maharashtra,Rabi,Alluvial,1389.9713632519954,10.405573716180445,34.044306881199866,8,Pulses
Gujarat,Kharif,Red,1387.6119176653976,25.34407912615913,91.9251850206194,6,Wheat
Punjab,Rabi,Red,1448.8064790072244,29.88293632140246,79.95954726917094,10,Wheat
West Bengal,Summer,Red,1346.304143064184,17.675689649903944,97.86717134348615,2,Millets
Punjab,Summer,Sandy,1500.1658485443274,21.661754984816717,57.19401009345763,3,Barley
Madhya Pradesh,Summer,Sandy,1213.163505580138,18.360086217234375,80.1909238664983,1,Maize
Gujarat,Kharif,Black,1497.4672776693437,37.954271611452214,97.3130771128513,9,Maize
Maharashtra,Summer,Loamy,1820.0618390042048,35.168396534138225,66.8499710650751,10,Wheat
Madhya Pradesh,Summer,Alluvial,1915.0684513013778,30.51864075351904,48.524777792464775,5,Sugarcane
Karnataka,Kharif,Alluvial,1721.2446081538578,35.346155531617846,49.26053511821226,9,Maize
Punjab,Summer,Alluvial,1106.1241109984257,27.73624823131063,44.97379413656835,2,Cotton
Uttar Pradesh,Summer,Black,1252.7403343684623,18.35054765559118,14.735711733662441,1,Millets
Maharashtra,Kharif,Alluvial,1594.5046667118381,27.44219531214368,92.14814605425975,4,Barley
Madhya Pradesh,Kharif,Sandy,1168.7231871577033,34.93623458402221,80.36700769649173,7,Maize
Uttar Pradesh,Summer,Alluvial,435.4754604264497,22.113172883489504,20.7669307122965,9,Sugarcane
Uttar Pradesh,Kharif,Red,1818.5757976624236,38.00811731932875,39.18614219608337,1,Sugarcane
Maharashtra,Rabi,Loamy,548.1427384470658,10.174051191898627,72.9083148437559,10,Maize
Maharashtra,Summer,Black,826.054402100131,31.771523033525334,61.6899570525172,1,Sugarcane
West Bengal,Rabi,Black,1331.4720925659706,38.48365757858015,15.170703163962802,8,Maize
Tamil Nadu,Rabi,Red,933.668808501638,15.034296882268954,82.42681562859042,2,Wheat
Tamil Nadu,Kharif,Sandy,1804.4792893496115,38.807576088750835,84.42917358925287,1,Barley
Uttar Pradesh,Kharif,Black,1631.6319702179112,36.62868587101522,17.19261426592057,5,Barley
Maharashtra,Rabi,Alluvial,1936.147737593959,32.029378843384066,24.04490035645351,7,Maize
Gujarat,Kharif,Red,747.3380976469223,37.21859919047513,27.210923981815725,7,Rice
West Bengal,Kharif,Alluvial,1578.8349990156876,22.040446946376345,54.161425876437136,2,Rice
Uttar Pradesh,Rabi,Loamy,1834.6908845644007,37.11299245802092,27.85786773912933,8,Rice
Punjab,Kharif,Red,1526.0920156410784,23.715296705051596,59.56865298777235,8,Cotton
Punjab,Kharif,Red,364.05164621401644,11.881957698587417,89.26411869543804,3,Sugarcane
Maharashtra,Summer,Sandy,1777.0766630388164,13.487145439835103,78.67863283649149,2,Barley
West Bengal,Summer,Red,830.4412890282937,33.98452145094296,47.150977519749546,8,Pulses
Gujarat,Kharif,Black,1467.2883753714946,30.738296257504174,26.61733406201375,1,Sugarcane
Tamil Nadu,Kharif,Red,529.0209713640712,16.97358622061772,63.229366295272456,6,Cotton
Maharashtra,Summer,Loamy,1253.0207224155697,22.746200855995248,21.410420262665596,10,Maize
Uttar Pradesh,Rabi,Sandy,1666.3095887079044,27.417492492618347,92.5621394088507,6,Pulses
Gujarat,Kharif,Alluvial,1277.0038492270282,29.28714893134784,81.09499343629749,1,Rice
Gujarat,Rabi,Black,965.3020564004624,16.712200296093954,86.0624874983752,2,Sugarcane
Karnataka,Rabi,Loamy,853.9136986443476,34.90750743773451,98.9287360052747,5,Barley
Madhya Pradesh,Rabi,Red,1050.6918949489184,33.756678599169945,39.986117866819235,1,Barley
Tamil Nadu,Kharif,Loamy,1612.8452261595805,22.74753035426015,57.01672838620265,7,Wheat
Uttar Pradesh,Kharif,Black,1106.046356775193,26.264246628880002,26.811318953880896,1,Pulses
Punjab,Rabi,Alluvial,451.8760292598154,27.14717920007059,17.119716278764567,2,Pulses
Gujarat,Kharif,Sandy,309.68781861893643,21.370949276844236,50.744854836635646,10,Maize
Karnataka,Kharif,Black,1735.3076368722773,26.583434835788164,74.65235869929016,5,Rice
Punjab,Summer,Loamy,716.9099912207713,35.15981752173072,65.18624987099022,6,Pulses
Madhya Pradesh,Rabi,Red,1603.1339546994716,29.73197460913413,56.81441740543894,8,Sugarcane
Tamil Nadu,Summer,Sandy,1488.3071136030876,12.817842268691548,21.737569403408376,7,Maize
Karnataka,Rabi,Black,1464.0134914137523,38.533691963322866,39.19817416342388,5,Millets
Maharashtra,Kharif,Loamy,306.3293179450938,33.55799911440466,40.880130232168455,3,Cotton
Punjab,Summer,Red,1275.6186684773247,10.598151577580788,65.42328254819606,8,Barley
Tamil Nadu,Summer,Sandy,1913.3513096202948,35.43153471395929,78.44704082344137,9,Sugarcane
Madhya Pradesh,Summer,Red,1176.0564399972807,34.74674757238891,32.95823262021802,5,Wheat
Maharashtra,Kharif,Sandy,1234.8305876855754,27.90624959809851,97.9655456607831,1,Wheat
Gujarat,Summer,Red,409.4948817792102,12.203955297950362,44.38653154501971,8,Wheat
Gujarat,Rabi,Loamy,982.8126189029672,28.034028991960948,81.9100727142834,7,Pulses
Uttar Pradesh,Rabi,Loamy,1750.5463070775,38.32358269345598,31.064251571402366,7,Pulses
Karnataka,Summer,Black,436.15982303265815,15.622242453782532,40.44673366107871,7,Pulses
West Bengal,Summer,Alluvial,808.5627614986174,13.327240894249249,28.13357140291857,9,Millets
Maharashtra,Summer,Red,704.9358727699203,11.732708096331631,43.199052033939026,10,Barley
Gujarat,Kharif,Black,1763.0179407733735,14.928633304295033,14.62845996159016,1,Rice
Uttar Pradesh,Summer,Loamy,1847.298398935818,13.178230968708705,30.80982229956875,9,Rice
Madhya Pradesh,Summer,Black,608.3906401795166,13.036483275604045,42.87257611976109,6,Rice
West Bengal,Rabi,Alluvial,1601.8861630709848,14.673312099464987,57.33436069828911,6,Cotton
Maharashtra,Summer,Sandy,387.19582826371175,21.700634868842243,65.6253321390943,4,Wheat
West Bengal,Kharif,Alluvial,431.6332223954006,15.441094791964122,67.51974795499054,1,Millets
Punjab,Summer,Alluvial,449.89054534973,15.251562765405922,66.15198470763215,10,Millets
West Bengal,Rabi,Loamy,1291.556245741481,15.92703839429618,79.27610968697803,3,Barley
Karnataka,Kharif,Alluvial,596.5785428043448,30.607174864206215,74.25495290465462,3,Cotton
Punjab,Rabi,Loamy,1293.3802487706578,38.69834849620924,91.47083696380689,10,Cotton
Karnataka,Kharif,Sandy,770.3370174530689,39.389856255177435,98.8879304455712,6,Rice
West Bengal,Kharif,Sandy,617.5333772512731,36.357470635847584,46.060994863611974,8,Cotton
Uttar Pradesh,Summer,Alluvial,511.7846157805427,21.076550400658178,58.75742940493447,10,Sugarcane
Madhya Pradesh,Kharif,Sandy,502.3442374826689,26.307927779421277,47.13937630558726,5,Barley
Tamil Nadu,Rabi,Loamy,1453.0962754467184,19.7183038748136,43.634935728616654,5,Wheat
Uttar Pradesh,Summer,Black,1045.0805870376776,10.46453342316389,99.01716841398785,7,Cotton
Punjab,Rabi,Red,1981.967098506808,15.874137931706043,85.18996457024782,8,Sugarcane
Tamil Nadu,Kharif,Red,444.1663712814267,15.855672890298685,22.279069198179762,8,Rice
Gujarat,Rabi,Alluvial,1483.087701021312,13.171318379483697,77.82288888951591,8,Rice
Madhya Pradesh,Kharif,Alluvial,1517.9710140510163,13.938780653543688,33.280647029085195,7,Maize
Punjab,Summer,Red,1889.4544477988538,15.606000070191188,99.54724298304494,6,Rice
Madhya Pradesh,Rabi,Alluvial,917.8165596245417,36.89284834864207,50.90611731140198,1,Barley
Uttar Pradesh,Kharif,Alluvial,1312.8071006265313,17.05313309153384,56.26371445401392,1,Barley
Gujarat,Summer,Alluvial,634.7097959934034,12.539301325412083,66.28267815575434,3,Pulses
Gujarat,Summer,Loamy,400.28240975951854,18.438491706952448,89.12419540981297,10,Barley
Punjab,Summer,Red,1579.8277837100798,34.705085868274615,39.28464670313237,8,Millets
Tamil Nadu,Kharif,Red,521.768363757142,12.258497862764463,85.48159257621869,2,Maize
Uttar Pradesh,Kharif,Loamy,1310.9349456602376,19.066653233574428,36.35610297088216,4,Sugarcane
West Bengal,Summer,Alluvial,1107.577074571924,14.184058570068094,99.72917686791101,8,Pulses
Karnataka,Kharif,Alluvial,1931.9448931393258,20.09086675244087,74.84751726099518,6,Maize
West Bengal,Rabi,Sandy,1785.6221627131574,21.855942518722976,44.2116125028955,4,Barley
Gujarat,Rabi,Sandy,614.0948531190925,10.754385377903413,71.9456634425135,10,Cotton
Uttar Pradesh,Summer,Red,1724.254740396561,22.693282895676774,92.12310116609116,6,Maize
Madhya Pradesh,Kharif,Alluvial,1214.4521728183481,14.709055027995374,28.569523166105412,4,Maize
Gujarat,Summer,Loamy,1348.2639883243244,25.680448846672853,32.10602878713394,4,Maize
Uttar Pradesh,Kharif,Alluvial,1836.6024034807376,31.603352768169295,97.06562673285441,1,Maize
Uttar Pradesh,Rabi,Loamy,1229.0082293071189,20.80248648685904,81.96452794834642,4,Sugarcane
Tamil Nadu,Kharif,Sandy,606.7036035384865,14.380136985082384,23.826873572102546,4,Maize
Gujarat,Summer,Sandy,574.6889431428912,28.868337336362686,46.003342717441186,3,Millets
Madhya Pradesh,Summer,Red,433.0827445384656,36.34483943053664,47.79800242945208,2,Rice
Madhya Pradesh,Kharif,Sandy,1269.8139646596173,21.282660917771253,48.04849304046751,9,Barley
Gujarat,Summer,Sandy,1280.1524457318274,15.416725935340649,31.327460885443887,2,Rice
Madhya Pradesh,Rabi,Red,1955.9358357271017,27.916053026596394,19.116230978328375,6,Sugarcane
Karnataka,Kharif,Red,1034.700192148013,17.82199007563142,33.489863365314015,9,Sugarcane
Tamil Nadu,Kharif,Sandy,1113.5860973673057,11.3045259121634,20.586247176239603,8,Cotton
Uttar Pradesh,Summer,Red,1467.928795756666,35.11613541427187,43.08662143314448,4,Sugarcane
Uttar Pradesh,Rabi,Sandy,379.86564737414795,20.855280729196217,34.5046568770715,3,Barley
Uttar Pradesh,Rabi,Alluvial,1380.137132710229,38.63671258846806,77.6279315796691,3,Sugarcane
West Bengal,Rabi,Sandy,1582.777268908617,36.18139866948705,75.11254231839979,1,Millets
Uttar Pradesh,Rabi,Red,485.2735045935318,16.751853374455134,63.95548727405574,4,Barley
West Bengal,Summer,Sandy,1950.2588539269468,38.73500311276191,69.2176535085646,6,Rice
Madhya Pradesh,Rabi,Alluvial,980.4133658105765,13.669235782266846,98.9279826927354,4,Millets
Tamil Nadu,Kharif,Sandy,1020.7563297808075,35.56523423855684,77.12853080083717,6,Maize
Punjab,Kharif,Red,1481.6191270979627,15.398266634023289,50.73320309220787,6,Pulses
West Bengal,Kharif,Alluvial,534.2663101052837,20.608342817063154,76.52818028285137,6,Pulses
Karnataka,Rabi,Sandy,1126.227048771933,34.68100893224592,12.484950135469,3,Rice
Uttar Pradesh,Kharif,Red,706.4841975563338,33.87883567569951,73.50723890573855,1,Cotton
Uttar Pradesh,Rabi,Red,1363.9388123455628,12.117285906387448,60.78014032555257,2,Cotton
West Bengal,Kharif,Sandy,650.0535525038299,34.987470235302354,58.21543342024941,8,Barley
Madhya Pradesh,Rabi,Alluvial,1924.0852599924167,31.773193076499005,57.82396813567996,9,Sugarcane
Punjab,Summer,Sandy,1821.5728698465118,23.867837446556194,48.62215667943253,4,Barley
Karnataka,Kharif,Loamy,1589.3538826564786,11.494096458790716,63.91579500995624,4,Barley
Maharashtra,Kharif,Black,1326.5901561508158,29.247604147877116,67.76524224924427,4,Sugarcane
Karnataka,Kharif,Loamy,761.604524634182,14.612262516239412,87.78684366315579,8,Wheat
West Bengal,Kharif,Red,1189.895373424794,14.853133989832141,99.8435009852884,7,Sugarcane
Gujarat,Summer,Black,774.9451321886424,15.518873482210227,97.95501999261147,3,Pulses
Punjab,Kharif,Black,1775.8815469909046,25.414511554791975,54.32551902576737,6,Sugarcane
Gujarat,Kharif,Black,1888.7448931511774,22.168401193073056,85.50329782266515,4,Cotton
Karnataka,Rabi,Black,967.8076211687059,22.836505523530445,85.33764446129378,4,Millets
Punjab,Summer,Black,1639.4362918886886,11.357110361778403,27.123407329745667,9,Cotton
Uttar Pradesh,Summer,Sandy,1652.450890777311,16.47189166574908,93.94010240043568,7,Wheat
Tamil Nadu,Summer,Sandy,983.3721590183778,28.147922127253846,44.3960482818797,10,Rice
Tamil Nadu,Kharif,Black,1628.082623978047,31.178458212411293,70.16585264738771,5,Millets
Maharashtra,Kharif,Alluvial,1088.8693598633067,38.50240452543211,16.184361839965906,3,Rice
Madhya Pradesh,Rabi,Black,1042.312402655946,19.74181110051658,82.00917567901783,8,Millets
Madhya Pradesh,Summer,Loamy,825.4008291761685,30.552704464931697,63.349590261865366,8,Sugarcane
Karnataka,Kharif,Red,915.1073370666759,20.303870470141867,49.60468011425106,7,Millets
Punjab,Rabi,Alluvial,448.22124476186775,39.088143811036836,21.591317901981043,9,Wheat
Gujarat,Summer,Red,1901.1626323482342,15.233125906965324,81.94785557824191,9,Barley
Uttar Pradesh,Kharif,Black,660.490678712727,34.549333919389774,46.61452440894294,7,Barley
Maharashtra,Rabi,Black,1018.2823703657969,15.783467343295891,30.22450135189293,1,Millets
Madhya Pradesh,Summer,Loamy,1560.2717645048012,37.384026894352566,52.44545923566039,10,Sugarcane
Tamil Nadu,Summer,Red,432.5382593099215,16.566435185429317,87.03670843974189,3,Rice
West Bengal,Summer,Sandy,1134.5031180784474,18.16994642944985,87.47697950914008,3,Sugarcane
Maharashtra,Summer,Red,418.7364528505562,28.51079059644764,57.62888280773982,6,Barley
Madhya Pradesh,Rabi,Sandy,1333.8094828636613,25.354065512419076,31.90115560139563,7,Barley
Madhya Pradesh,Summer,Red,1849.7633613625617,12.833161009511262,80.77258526769741,4,Maize
Uttar Pradesh,Rabi,Black,1289.8562591402056,39.75953913542459,66.1027699769296,10,Millets
West Bengal,Kharif,Red,1045.7687234456755,21.492201873887073,94.83692014479061,8,Barley
Gujarat,Summer,Black,596.0467928971525,29.254868491463945,79.5246409084601,2,Wheat
Uttar Pradesh,Kharif,Black,1923.2921275689785,22.22440383467808,45.097266241437346,3,Barley
Maharashtra,Kharif,Black,900.123262476332,37.47395372708067,21.094905996305457,6,Millets
Uttar Pradesh,Summer,Red,1558.4010176734866,22.15878318183036,90.84747572808051,3,Wheat
Uttar Pradesh,Rabi,Black,1231.2388663814827,12.195227464157753,51.367203846773045,3,Cotton
Tamil Nadu,Summer,Sandy,1527.3450680468397,17.561829358898134,68.55804863532228,2,Millets
Punjab,Kharif,Alluvial,1905.675696449647,19.671540188941595,84.9130498922337,10,Maize
West Bengal,Kharif,Loamy,1460.097933921378,22.56348735569295,78.99840511716191,5,Barley
Karnataka,Kharif,Red,619.5215377275722,31.8741082646136,70.6667007887096,2,Barley
Madhya Pradesh,Kharif,Alluvial,1328.110151566607,31.344701727016194,29.519508327795883,10,Wheat
Madhya Pradesh,Summer,Alluvial,957.6559089424329,10.707864130435134,58.61241165162304,10,Wheat
Tamil Nadu,Summer,Loamy,816.471850683779,39.15906295409808,90.5897745116982,9,Cotton
Tamil Nadu,Rabi,Black,1225.7272286809225,20.814288333407042,26.876958890371093,9,Sugarcane
Punjab,Summer,Red,1602.411308495761,29.21041632256343,10.839126883970641,7,Pulses
West Bengal,Kharif,Red,545.4664674604852,19.056601695673436,58.10896915304739,2,Barley
Madhya Pradesh,Summer,Red,1652.65337475801,22.18032218115384,19.098445530525833,8,Millets
Madhya Pradesh,Kharif,Alluvial,1916.7556250143446,36.42122205752018,37.8022429860109,9,Millets
Karnataka,Rabi,Red,806.1955796300999,30.79896626023604,53.08457734736481,8,Rice
Punjab,Kharif,Sandy,1070.607273100975,38.266255181838986,64.47488056560991,2,Millets
Gujarat,Kharif,Black,356.65380170490505,38.353476284339905,62.653158029107495,4,Rice
Karnataka,Kharif,Red,754.505338034601,19.68067954308716,31.430249700073844,8,Barley
Gujarat,Kharif,Black,1443.2458915974007,17.820484687656837,14.562168241793398,2,Maize
Maharashtra,Kharif,Black,596.0416665243365,13.80167419631004,34.41162826822253,1,Pulses
Punjab,Rabi,Loamy,1584.3895813772876,24.147317953474737,66.40680844115607,10,Pulses
Tamil Nadu,Summer,Alluvial,1108.0035016453166,20.112376002952143,16.71031096277641,5,Sugarcane
Gujarat,Summer,Loamy,790.8859567823336,22.554386245345274,59.76790737106972,7,Sugarcane
Maharashtra,Summer,Black,354.37422600469205,35.969793257532736,88.63056091217626,4,Pulses
West Bengal,Rabi,Loamy,964.8524391520311,24.102557000176986,17.352296292105624,1,Maize
West Bengal,Kharif,Alluvial,592.8776554113173,25.767756117673432,67.59933406248281,10,Millets
Tamil Nadu,Summer,Sandy,1834.6282759765909,14.598702090759646,17.74470785640076,7,Rice
Karnataka,Kharif,Black,341.99781690900704,18.30117639410456,93.19252693607386,5,Cotton
Tamil Nadu,Summer,Red,1103.7837815120654,30.153556735963996,73.19616765185722,7,Cotton
Punjab,Kharif,Black,1716.4412261358852,27.34682239288115,50.63617318094535,7,Pulses
West Bengal,Kharif,Red,992.64063607541,32.05717362567973,82.3636387895108,2,Maize
Karnataka,Rabi,Red,959.5114931236855,19.029557046631965,46.481319460116275,5,Wheat
Tamil Nadu,Rabi,Alluvial,1146.3110848751244,10.997490859313542,49.15301644639898,2,Rice
Maharashtra,Kharif,Loamy,1339.594449924057,23.723410000563657,93.20433034791085,1,Cotton
Uttar Pradesh,Summer,Sandy,1904.325671739092,37.160572996152844,40.68687400807748,1,Millets
Maharashtra,Summer,Sandy,827.3903222975523,22.889308823967102,56.79970810910181,8,Pulses
West Bengal,Kharif,Alluvial,825.0035926333901,14.66923013252389,51.78491366812232,4,Wheat
Punjab,Rabi,Sandy,1944.1375013378158,27.099483137335792,27.288750857455078,3,Cotton
Madhya Pradesh,Rabi,Red,794.1865083413206,39.92749220069169,27.36496119123794,9,Cotton
Gujarat,Rabi,Loamy,1917.6754939360244,10.94760188762239,77.15782265044552,1,Rice
Gujarat,Rabi,Sandy,962.4754352955299,15.535435798199904,77.06553095892235,2,Millets
Madhya Pradesh,Kharif,Alluvial,402.6893628911606,36.291860299403275,63.31559840621937,5,Sugarcane
Madhya Pradesh,Summer,Red,1497.9189604796006,13.244919317830563,25.58903281762906,3,Barley
Uttar Pradesh,Summer,Loamy,614.9285282608262,34.75130804424042,68.86873346834031,8,Maize
Tamil Nadu,Summer,Black,1100.9631379397922,11.467991390520107,74.54433381341194,6,Pulses
Karnataka,Kharif,Sandy,1760.5097115668145,17.8334481480179,47.70061855738832,1,Maize
Uttar Pradesh,Kharif,Loamy,1078.1343519585755,17.59097153382571,56.38608065701181,7,Millets
Karnataka,Kharif,Alluvial,1014.346701255691,26.075520004359614,26.525788475004294,5,Wheat
Maharashtra,Rabi,Red,766.2863093938922,13.289870760189633,70.50803993150714,7,Maize
Uttar Pradesh,Rabi,Alluvial,1852.0528821894666,12.643316379022359,77.53425062930127,10,Pulses
Maharashtra,Rabi,Black,1903.1964205189229,21.728346656918472,28.04776384232038,7,Barley
West Bengal,Rabi,Sandy,1556.8729395212804,16.848668782187975,19.708193292434096,5,Maize
Tamil Nadu,Summer,Alluvial,1941.913726807037,25.64524105546085,23.555855139095115,9,Rice
Maharashtra,Kharif,Loamy,1585.247705537668,15.747877315172357,48.15491258162058,1,Rice
West Bengal,Kharif,Sandy,1811.20621738426,32.38915515872782,66.94253110777743,9,Sugarcane
Karnataka,Rabi,Alluvial,989.46991054442,27.437451045091866,21.12143764761668,6,Sugarcane
Maharashtra,Summer,Loamy,444.35638960996994,14.227636598600268,33.063972565830866,3,Cotton
Uttar Pradesh,Summer,Red,1527.2897441641683,22.074531387698112,41.937167360455334,1,Wheat
Punjab,Kharif,Sandy,445.8071653686517,22.45327763750104,83.02982650641049,3,Barley
Madhya Pradesh,Kharif,Alluvial,938.0266745153716,22.184966396669637,91.647644171692,9,Pulses
Punjab,Summer,Black,1513.133143665207,10.557490639706629,91.76376590309769,4,Maize
Uttar Pradesh,Summer,Loamy,431.4848888221859,35.30496072980466,65.18994616505628,7,Wheat
Madhya Pradesh,Rabi,Sandy,1565.006856179683,38.62790759063798,42.63239288550576,1,Maize
West Bengal,Rabi,Red,1351.8636858003065,29.538229860020298,97.6576625641622,4,Wheat
Tamil Nadu,Summer,Red,676.2002176636547,19.678996229316276,51.26927882267456,9,Cotton
Madhya Pradesh,Summer,Sandy,1496.8202228988778,10.17289725673244,87.1569295073827,9,Barley
Gujarat,Summer,Red,1447.5845490875533,26.508029360392666,92.1418059838788,7,Wheat
West Bengal,Rabi,Black,1575.7998451086394,28.160391808213777,83.9227292924969,5,Rice
West Bengal,Rabi,Loamy,1565.7056424073576,31.599325102943467,68.31726995767127,6,Cotton
Karnataka,Rabi,Sandy,660.8689561190387,18.61720209442732,52.32360186513275,1,Rice
Uttar Pradesh,Rabi,Loamy,909.5488064130112,11.23549300470232,54.31544125255988,2,Barley
Gujarat,Summer,Red,1101.8606476018713,10.370731916392197,10.140866792857498,10,Wheat
Karnataka,Summer,Sandy,1991.3177959087436,29.304161044306504,26.06821575161904,10,Wheat
Tamil Nadu,Kharif,Red,1159.6765861172794,24.139475201756593,98.99286012838009,5,Cotton
Gujarat,Summer,Sandy,1023.501660424028,32.59680837085277,52.38791389042815,9,Sugarcane
Madhya Pradesh,Rabi,Loamy,579.8084726820267,16.176772774721975,25.24380079040046,1,Wheat
Tamil Nadu,Kharif,Red,1406.1935846111912,26.18101568956057,34.57323787442881,5,Cotton
Karnataka,Summer,Sandy,659.4590182673719,24.63415529783125,42.14147932500675,10,Millets
Uttar Pradesh,Rabi,Loamy,1671.872162472119,38.73364601186767,22.946735195595362,5,Wheat
Maharashtra,Kharif,Black,1687.2610391313672,25.384702773620496,89.86118869531059,6,Pulses
Maharashtra,Kharif,Black,732.3183350443737,17.903493580189178,39.243796577653754,4,Sugarcane
Gujarat,Kharif,Alluvial,1379.1523807726705,33.40434532723239,92.89299300506966,2,Maize
Madhya Pradesh,Rabi,Red,1813.2399021552237,24.08750091136342,87.22316159774849,2,Wheat
Punjab,Kharif,Sandy,979.1977786737456,10.917791741783923,69.1740367047519,10,Rice
Madhya Pradesh,Summer,Sandy,1999.0739313039544,21.48974863555768,56.39704792784748,10,Millets
Karnataka,Kharif,Alluvial,491.6192836036669,24.67280965761786,25.735468356772948,5,Maize
Maharashtra,Rabi,Sandy,1474.5930770294417,20.060565726280927,78.51672942330845,5,Millets
Madhya Pradesh,Summer,Red,1950.6527915798724,37.2475788199229,11.022997156408925,10,Millets
Gujarat,Rabi,Black,793.9469694807826,15.399264783370317,95.56526549469594,7,Sugarcane
Madhya Pradesh,Rabi,Sandy,1829.6935897205042,31.849734913153885,52.17433196497652,9,Pulses
West Bengal,Summer,Loamy,1773.0821436102276,11.843732786868642,45.363879991478186,6,Pulses
West Bengal,Rabi,Black,988.5191189342755,32.97771260247839,85.3251788468622,9,Sugarcane
West Bengal,Rabi,Sandy,597.3012761471638,16.679085637685645,13.721051426715771,9,Pulses
Gujarat,Rabi,Sandy,1355.6285835490294,21.6541825753621,30.91886065999257,8,Cotton
Uttar Pradesh,Rabi,Sandy,845.4431225396811,27.527331411959654,60.679456458669456,6,Millets
Punjab,Rabi,Alluvial,1475.913838031908,34.93653107504189,54.34475839890651,6,Wheat
Gujarat,Kharif,Red,1860.2359279234327,29.40793148010541,27.13338242149724,8,Pulses
Tamil Nadu,Kharif,Sandy,397.9301441419869,33.958595943003424,36.547589814727154,7,Cotton
Uttar Pradesh,Kharif,Black,1133.9243325783227,37.03708749176565,17.943981379627978,3,Wheat
Karnataka,Rabi,Alluvial,1063.410043627524,15.536842397500095,76.60428320191703,5,Rice
Karnataka,Kharif,Red,1468.5895795936565,35.165800333394095,86.85006325574008,2,Wheat
Karnataka,Rabi,Alluvial,1886.1819377892075,39.04806471228148,78.6671542921908,1,Sugarcane
Uttar Pradesh,Rabi,Red,1862.9426725503267,26.913894161210912,92.2863330960494,6,Pulses
Karnataka,Summer,Black,1155.5853474960618,24.77137367010715,93.47126728637576,4,Sugarcane
Maharashtra,Summer,Black,1965.6943517076027,39.835083682302994,74.11386818119561,7,Rice
Punjab,Summer,Loamy,304.71350140956,32.19255106528202,52.92711758605549,6,Cotton
Tamil Nadu,Rabi,Sandy,357.8327688030756,21.150259028010016,92.67965957656132,10,Barley
Uttar Pradesh,Rabi,Sandy,682.6867897118373,33.289645385698016,65.11335452881445,1,Rice
Gujarat,Summer,Sandy,1202.3287688253376,11.69830128186331,24.285921068945,5,Millets
Punjab,Rabi,Alluvial,1659.8503319132042,36.94821009477673,53.39879497480423,8,Sugarcane
Uttar Pradesh,Kharif,Sandy,860.8391880990083,11.781107423742142,96.11527314998212,10,Maize
Maharashtra,Summer,Loamy,962.4169264123595,24.756023651003744,63.23880254010521,6,Rice
West Bengal,Rabi,Red,1858.4466971842367,24.193550069924864,48.7027988127673,1,Cotton
Gujarat,Kharif,Loamy,1880.9529714049286,24.54643783185486,23.931613014977486,4,Rice
Maharashtra,Kharif,Sandy,698.7817146533005,30.303508419311022,35.5704173409852,1,Maize
Maharashtra,Summer,Red,1156.3450564570762,14.32721493133916,67.9427454074135,3,Pulses
Punjab,Summer,Black,377.80798041996786,13.051334285707329,90.3285076093399,10,Maize
Punjab,Rabi,Alluvial,985.5182613836114,13.06937932337419,60.20660038470141,3,Sugarcane
Madhya Pradesh,Summer,Loamy,820.8482580062802,20.435836351233146,86.1521371199725,4,Pulses
Tamil Nadu,Rabi,Sandy,459.8062016663175,13.964123126038785,41.65652922721646,6,Rice
West Bengal,Rabi,Black,626.8202447186569,32.62358459532423,55.10632426491183,5,Wheat
West Bengal,Summer,Sandy,1467.381727552342,15.619952612258007,35.426429733884405,10,Cotton
Maharashtra,Rabi,Loamy,1364.3189822875281,33.726482654759735,54.24910086444097,7,Sugarcane
West Bengal,Rabi,Alluvial,862.756811845141,23.272804570190253,10.726947190343509,7,Pulses
West Bengal,Summer,Loamy,1052.8609442418865,30.058627727938354,56.04695667782622,10,Cotton
Tamil Nadu,Rabi,Loamy,1674.7172765131902,18.31637373939447,97.78996560234279,4,Sugarcane
Maharashtra,Summer,Alluvial,1038.0536489348347,30.94412708494766,23.568560744679807,4,Maize
Madhya Pradesh,Kharif,Sandy,440.1990751528988,18.428503417023464,35.373253564147035,9,Cotton
West Bengal,Rabi,Loamy,1749.2876063641268,12.146685784664456,91.79741944858135,4,Pulses
